index,Symbol,Series,Prev Close,Open Price,High Price,Low Price,Last Price,Close Price,Average Price,Total Traded Quantity,Turnover,No. of Trades,Deliverable Qty,% Dly Qt to Traded Qty,Trend,14 day SMA,upper band,lower band
1,NCC,EQ,97.35,98.15,100.8,97.1,100.6,100.4,99.01,8251673,817007444.25,28908,2698728,32.71,Among top gainers,,,
2,NCC,EQ,100.4,100.95,103.65,100.1,101.35,101.45,102.05,9866001,1006802565.15,40313,3276414,33.21,Positive,,,
3,NCC,EQ,101.45,99.8,100.85,96.55,96.9,97.0,98.8,4163676,411364891.55,18977,1196998,28.75,Among top losers,,,
4,NCC,EQ,97.0,97.8,99.25,94.25,95.7,95.45,96.53,3782348,365114174.7,19517,706203,18.67,Negative,,,
5,NCC,EQ,95.45,96.0,97.95,94.65,95.0,95.25,96.56,3829849,369811145.85,16697,1116014,29.14,Slight or No change,,,
6,NCC,EQ,95.25,95.0,95.0,89.2,89.65,90.95,91.94,5042864,463628116.45,18975,1159894,23.0,Among top losers,,,
7,NCC,EQ,90.95,87.05,87.9,80.2,83.95,83.25,83.91,11587471,972301570.35,45469,3024219,26.1,Bear drop,,,
8,NCC,EQ,83.25,83.4,86.9,77.9,85.75,85.85,83.8,16966835,1421897577.9,48995,5495472,32.39,Among top gainers,,,
9,NCC,EQ,85.85,86.0,88.05,85.1,87.45,87.6,86.8,3286675,285273174.45,12678,515820,15.69,Positive,,,
10,NCC,EQ,87.6,87.9,88.4,84.55,85.25,85.1,86.27,2762009,238289375.65,10291,639940,23.17,Negative,,,
11,NCC,EQ,85.1,85.75,85.75,82.7,84.65,84.3,84.02,3156651,265236617.65,13025,583882,18.5,Slight negative,,,
12,NCC,EQ,84.3,84.5,88.5,84.5,87.8,87.9,87.24,5956202,519616953.0,22518,1372268,23.04,Among top gainers,,,
13,NCC,EQ,87.9,87.7,88.45,86.65,86.85,86.85,87.33,2406887,210193700.25,12120,696095,28.92,Negative,,,
14,NCC,EQ,86.85,87.7,89.5,86.6,87.65,88.0,88.13,7742009,682298250.2,22081,3531831,45.62,Positive,90.66785714285713,102.86575148465344,78.46996280106082
15,NCC,EQ,88.0,88.1,88.35,86.8,87.05,87.1,87.62,2289444,200591410.6,16039,622945,27.21,Negative,89.71785714285713,100.65745403761429,78.77826024809997
16,NCC,EQ,87.1,86.9,87.5,84.15,85.1,85.0,85.56,3517344,300934702.6,15192,654428,18.61,Negative,88.54285714285712,97.38731278491875,79.69840150079548
17,NCC,EQ,85.0,85.1,88.8,84.8,87.0,87.55,86.49,6046788,522976753.95,21679,1997240,33.03,Among top gainers,87.86785714285712,95.25418621370534,80.4815280720089
18,NCC,EQ,87.55,87.25,87.45,85.75,86.05,86.15,86.39,2057305,177732426.35,8203,423793,20.6,Negative,87.20357142857141,93.19323743771578,81.21390541942704
19,NCC,EQ,86.15,86.0,91.25,85.6,90.75,90.5,89.68,13217751,1185312182.8,41385,2793732,21.14,Among top gainers,86.86428571428569,91.20043582725438,82.52813560131699
20,NCC,EQ,90.5,90.85,93.2,90.05,91.35,91.2,91.75,7056436,647403016.0,26900,1822078,25.82,Slight positive,86.88214285714284,91.29220253628858,82.47208317799709
21,NCC,EQ,91.2,91.85,93.05,90.4,91.15,90.65,91.93,3998221,367540426.0,17934,1223644,30.6,Slight negative,87.41071428571426,91.71816374904188,83.10326482238665
23,NCC,EQ,90.65,90.9,92.0,89.8,90.75,90.6,90.85,4277038,388553775.65,15519,1563120,36.55,Slight or No change,87.74999999999999,92.27089167515236,83.22910832484762
24,NCC,EQ,90.6,90.4,91.55,89.5,90.45,90.5,90.45,3035635,274558624.95,13333,1250780,41.2,Slight or No change,87.95714285714284,92.70831391001252,83.20597180427316
25,NCC,EQ,90.5,90.5,92.0,89.75,90.1,90.3,90.83,3720466,337942467.8,21999,1505707,40.47,Slight or No change,88.32857142857142,92.92818918622085,83.728953670922
26,NCC,EQ,90.3,91.0,91.9,90.45,91.6,91.25,91.14,2366151,215644037.05,10013,1023235,43.24,Positive,88.825,93.03538094384677,84.61461905615323
27,NCC,EQ,91.25,92.95,92.95,89.95,90.7,91.0,91.68,4540548,416297534.0,16439,1840808,40.54,Slight or No change,89.04642857142856,93.37175013096687,84.72110701189025
28,NCC,EQ,91.0,90.6,91.95,90.35,90.95,91.0,91.11,2169580,197659652.0,7532,616341,28.41,Slight or No change,89.34285714285714,93.58782831116683,85.09788597454745
29,NCC,EQ,91.0,91.1,93.15,90.65,91.8,91.6,91.86,5095304,468031764.0,17965,1695539,33.28,Slight positive,89.6,93.92986054136766,85.27013945863233
30,NCC,EQ,91.6,92.1,92.35,87.5,89.6,89.85,89.34,5861474,523690975.15,20304,1764444,30.1,Negative,89.79642857142856,93.88025488539414,85.71260225746299
31,NCC,EQ,89.85,90.0,90.15,87.4,88.4,88.6,88.91,2830830,251680054.6,11709,629978,22.25,Negative,90.05357142857142,93.17680059716612,86.93034225997671
32,NCC,EQ,88.6,88.5,90.8,87.45,89.2,89.45,89.3,3110924,277795218.9,9454,1034599,33.26,Slight positive,90.1892857142857,92.99262947910239,87.38594194946901
33,NCC,EQ,89.45,89.9,90.2,88.6,88.75,89.1,89.25,7094536,633217393.1,8599,4650984,65.56,Slight or No change,90.39999999999998,92.13560009573288,88.66439990426707
34,NCC,EQ,89.1,88.3,88.7,86.9,88.0,87.3,87.59,3258821,285434926.2,17582,1785550,54.79,Negative,90.17142857142855,92.56748760682382,87.77536953603328
35,NCC,EQ,87.3,87.8,89.9,87.8,89.75,89.65,89.19,1848840,164890513.2,7588,625413,33.83,Positive,90.06071428571427,92.39447275038644,87.7269558210421
36,NCC,EQ,89.65,89.9,90.15,87.5,89.05,89.1,88.88,1812894,161121971.95,7085,406361,22.42,Slight negative,89.94999999999996,92.3102477053838,87.58975229461612
37,NCC,EQ,89.1,89.1,90.9,89.05,90.8,90.55,90.03,1921302,172974990.4,6526,670953,34.92,Positive,89.94642857142854,92.30258720710738,87.5902699357497
38,NCC,EQ,90.55,90.55,92.8,90.55,91.2,91.25,91.84,2872415,263810631.25,11170,904195,31.48,Slight positive,89.99999999999997,92.44288606113601,87.55711393886394
39,NCC,EQ,91.25,90.5,91.75,89.05,89.35,89.3,89.84,3136794,281806920.35,8783,1502125,47.89,Negative,89.9285714285714,92.39206309869974,87.46507975844307
40,NCC,EQ,89.3,92.0,92.0,87.4,90.45,90.4,90.38,370327,33469848.0,4543,135600,36.62,Positive,89.86785714285712,92.23090834607119,87.50480593964305
41,NCC,EQ,90.4,91.0,91.1,88.0,89.1,88.85,89.74,2059138,184782228.0,11689,813383,39.5,Negative,89.71428571428568,92.03954122429177,87.38903020427959
42,NCC,EQ,88.85,89.5,94.9,89.1,94.75,94.45,93.0,9066077,843127753.25,34719,3543620,39.09,Among top gainers,89.96071428571426,93.3573593661132,86.56406920531532
43,NCC,EQ,94.45,95.7,96.3,94.2,94.8,95.1,95.35,6557807,625267451.25,28358,2083039,31.76,Slight positive,90.21071428571426,94.51977068276541,85.90165788866311
44,NCC,EQ,95.1,95.55,95.7,93.4,93.95,94.25,94.21,2593384,244323570.75,31526,1153698,44.49,Slight negative,90.52499999999998,95.33360606701073,85.71639393298922
45,NCC,EQ,94.25,94.8,94.95,93.55,93.85,93.9,94.07,1767668,166281588.45,23810,770791,43.6,Slight or No change,90.90357142857142,95.89054897563793,85.91659388150492
46,NCC,EQ,93.9,93.0,95.1,91.3,91.6,91.55,93.09,4046206,376675904.4,11880,2305338,56.98,Negative,91.05357142857142,95.9781509554431,86.12899190169973
47,NCC,EQ,91.55,91.5,92.45,91.0,91.9,91.85,91.89,3218501,295752988.65,12225,1676663,52.09,Slight or No change,91.24999999999999,96.05688608624689,86.44311391375308
48,NCC,EQ,91.85,92.25,93.3,91.15,91.4,91.45,91.92,2238535,205777222.55,11356,820709,36.66,Slight or No change,91.54642857142856,95.781894994879,87.31096214797813
49,NCC,EQ,91.45,91.6,91.95,89.25,90.8,90.9,90.71,2239115,203118970.3,9554,901283,40.25,Slight negative,91.63571428571427,95.74993513379879,87.52149343762976
50,NCC,EQ,90.9,91.25,92.2,89.8,91.4,91.5,90.99,4754485,432629282.55,29083,1631205,34.31,Slight positive,91.80714285714285,95.65778858578014,87.95649712850556
51,NCC,EQ,91.5,90.3,91.8,90.1,90.6,90.55,90.64,2204177,199786889.35,4907,1263587,57.33,Negative,91.80714285714285,95.65778858578014,87.95649712850556
52,NCC,EQ,90.55,90.5,91.6,90.0,90.05,90.2,90.62,2607677,236306531.3,8615,1305989,50.08,Slight or No change,91.73214285714286,95.6694607929302,87.79482492135553
53,NCC,EQ,90.2,90.5,90.85,88.65,89.5,89.3,89.66,5650215,506583401.8,12779,3769210,66.71,Slight negative,91.73214285714286,95.6694607929302,87.79482492135553
54,NCC,EQ,89.3,89.05,90.5,88.2,90.15,89.85,89.43,2474123,221256008.7,9164,1178117,47.62,Slight positive,91.69285714285714,95.69782658341225,87.68788770230202
55,NCC,EQ,89.85,90.1,90.2,88.3,89.15,88.9,89.21,2432412,216995231.8,11479,1043292,42.89,Negative,91.69642857142857,95.69055200192268,87.70230514093446
56,NCC,EQ,88.9,89.0,89.9,88.35,88.6,88.9,88.98,2417176,215077944.95,10691,1460006,60.4,Slight or No change,91.3,95.21780943503266,87.38219056496733
57,NCC,EQ,88.9,89.3,91.35,87.55,89.85,90.35,89.14,5529782,492905349.15,23829,2907944,52.59,Positive,90.96071428571429,94.22995992239676,87.69146864903182
58,NCC,EQ,90.35,90.8,91.45,88.05,88.35,88.6,89.82,3714447,333630743.3,22238,995710,26.81,Negative,90.55714285714285,93.45059890693666,87.66368680734904
59,NCC,EQ,88.6,88.6,89.2,86.3,87.15,86.95,87.37,2579934,225399478.0,11669,1000881,38.79,Negative,90.06071428571428,92.86707480080494,87.25435377062362
60,NCC,EQ,86.95,87.4,90.45,86.6,90.2,90.15,89.24,6925876,618057811.2,15221,4853134,70.07,Among top gainers,89.96071428571429,92.63514551825385,87.28628305317473
61,NCC,EQ,90.15,90.75,91.75,88.1,88.95,89.2,90.28,7682512,693580842.7,30723,1217536,15.85,Negative,89.77142857142859,92.23679304306816,87.30606409978901
62,NCC,EQ,89.2,89.0,92.0,88.5,88.9,89.6,90.38,5364312,484826186.65,36631,1703002,31.75,Slight or No change,89.63928571428572,91.90752073515347,87.37105069341797
63,NCC,EQ,89.6,89.0,89.1,76.2,84.45,83.25,84.72,5567130,471628860.15,21469,2327740,41.81,Bear drop,89.09285714285714,93.08416638301263,85.10154790270165
64,NCC,EQ,83.25,80.9,85.5,80.0,82.9,83.05,83.07,2945379,244662839.65,11863,612645,20.8,Slight or No change,88.48928571428571,93.36925711575134,83.60931431282009
65,NCC,EQ,83.05,86.4,86.8,84.1,86.0,86.25,85.7,3351685,287239692.4,13878,1467907,43.8,Among top gainers,88.18214285714285,93.04465362720934,83.31963208707636
66,NCC,EQ,86.25,86.5,87.9,85.0,87.5,87.55,86.58,1579339,136732381.2,8417,372046,23.56,Positive,87.99285714285713,92.72147007053286,83.2642442151814
67,NCC,EQ,87.55,87.55,89.45,86.5,87.75,87.8,88.31,2570708,227007582.7,11551,548649,21.34,Slight or No change,87.88571428571427,92.55433763270274,83.2170909387258
68,NCC,EQ,87.8,87.5,88.45,86.5,87.15,87.15,87.32,1743717,152267797.1,9205,625908,35.9,Slight negative,87.69285714285715,92.2332497288751,83.1524645568392
69,NCC,EQ,87.15,87.25,87.9,84.8,85.1,85.05,85.95,2141119,184022478.4,14668,886989,41.43,Negative,87.41785714285713,92.10722435338425,82.72848993233
70,NCC,EQ,85.05,85.6,86.2,83.4,83.95,84.15,84.4,1910823,161270921.35,7183,734303,38.43,Negative,87.07857142857142,91.98817180173603,82.16897105540681
71,NCC,EQ,84.15,84.3,86.6,84.1,86.3,86.2,85.84,1405104,120609900.4,6362,275506,19.61,Positive,86.78214285714286,91.32858815376385,82.23569756052187
72,NCC,EQ,86.2,88.0,88.0,84.85,86.3,86.1,86.65,2373052,205613877.45,13099,834512,35.17,Slight or No change,86.60357142857143,91.03743834405032,82.16970451309254
74,NCC,EQ,86.1,86.1,87.05,86.1,86.55,86.5,86.58,1050660,90970928.85,7631,428071,40.74,Slight or No change,86.57142857142857,91.00099953271831,82.14185761013883
75,NCC,EQ,86.5,85.5,86.3,84.1,84.45,84.35,85.25,1897452,161762948.2,10085,707394,37.28,Negative,86.15714285714284,90.2142083261466,82.10007738813908
76,NCC,EQ,84.35,84.85,85.95,84.85,85.0,85.05,85.34,1794393,153141063.45,7321,1031065,57.46,Slight positive,85.86071428571427,89.5498206130662,82.17160795836233
77,NCC,EQ,85.05,85.2,85.55,84.0,84.25,84.4,84.7,2716414,230074711.1,9636,1235639,45.49,Slight negative,85.48928571428571,88.55025051227153,82.4283209162999
78,NCC,EQ,84.4,84.6,87.75,84.55,87.4,87.35,86.65,3241020,280842625.35,11446,1116832,34.46,Among top gainers,85.78214285714284,88.70147026726238,82.86281544702331
79,NCC,EQ,87.35,86.5,87.2,84.2,85.5,85.55,85.68,1503789,128844723.3,8039,590810,39.29,Negative,85.96071428571427,88.43152186824528,83.48990670318327
80,NCC,EQ,85.55,85.5,86.95,85.15,86.5,86.65,86.23,2117591,182607316.8,12284,931299,43.98,Positive,85.98928571428571,88.48364198130449,83.49492944726694
81,NCC,EQ,86.65,86.4,87.75,85.75,86.2,86.15,86.86,2659504,230994773.8,13692,895112,33.66,Slight negative,85.88928571428572,88.2210656786478,83.55750574992364
82,NCC,EQ,86.15,86.5,87.25,85.2,85.45,85.5,85.97,2081441,178939597.1,6571,1149270,55.22,Slight negative,85.72500000000001,87.78515309363978,83.66484690636024
83,NCC,EQ,85.5,85.6,87.1,85.1,85.4,85.55,86.05,1936759,166649446.55,8520,708085,36.56,Slight or No change,85.61071428571428,87.50084190510542,83.72058666632314
84,NCC,EQ,85.55,86.9,86.9,85.15,85.4,85.55,85.85,1746039,149893321.8,13269,1010946,57.9,Slight or No change,85.64642857142857,87.50962032658592,83.78323681627123
85,NCC,EQ,85.55,86.8,91.8,86.45,90.35,90.15,90.48,16330189,1477580016.6,52606,3820351,23.39,Among top gainers,86.075,88.94413280921704,83.20586719078297
86,NCC,EQ,90.15,90.35,91.2,88.2,88.9,88.8,89.85,3498841,314361581.35,16162,644183,18.41,Negative,86.26071428571427,89.47993028473547,83.04149828669307
87,NCC,EQ,88.8,89.8,93.2,89.6,90.9,91.15,91.57,9432101,863685529.45,36498,2891685,30.66,Positive,86.62142857142858,90.7627242225904,82.48013292026675
88,NCC,EQ,91.15,90.35,91.25,90.05,90.8,90.5,90.68,4515221,409458484.8,27201,2539729,56.25,Slight negative,86.90714285714286,91.53562610145295,82.27865961283277
89,NCC,EQ,90.5,91.6,92.0,90.35,90.8,90.7,90.91,3002822,272975603.3,16583,1534464,51.1,Slight or No change,87.3607142857143,92.15143906971576,82.56998950171283
90,NCC,EQ,90.7,91.1,91.4,89.1,89.85,89.85,90.04,1844497,166072004.55,7643,536989,29.11,Slight negative,87.70357142857144,92.46890526718215,82.93823758996072
91,NCC,EQ,89.85,90.4,90.6,87.7,88.3,88.5,88.64,3239706,287176766.85,10103,1584517,48.91,Negative,87.99642857142858,92.37548085486853,83.61737628798863
92,NCC,EQ,88.5,88.25,90.1,86.65,88.55,88.7,88.59,3304138,292729866.85,11938,1042926,31.56,Slight or No change,88.09285714285716,92.47004576339681,83.7156685223175
93,NCC,EQ,88.7,87.8,87.85,84.5,84.85,84.9,86.05,2433480,209400546.5,11988,1012076,41.59,Among top losers,88.04642857142859,92.55171850245844,83.54113864039874
94,NCC,EQ,84.9,84.85,85.05,81.65,83.2,83.5,83.18,2556107,212615725.4,14207,911871,35.67,Negative,87.82142857142858,92.90469134641496,82.7381657964422
95,NCC,EQ,83.5,83.6,84.6,82.75,83.45,83.55,83.83,1338138,112170440.15,6803,379924,28.39,Slight or No change,87.63571428571429,93.15343797626609,82.11799059516248
96,NCC,EQ,83.55,84.0,84.85,81.15,81.75,81.8,83.26,1913197,159290556.1,6966,845082,44.17,Negative,87.37142857142858,93.63398080191438,81.10887634094279
97,NCC,EQ,81.8,82.05,83.2,81.1,81.55,81.75,82.03,2670772,219089176.5,12095,1026461,38.43,Slight or No change,87.10000000000001,93.99960979944647,80.20039020055354
99,NCC,EQ,81.75,82.15,84.3,82.15,82.9,82.95,83.27,2868462,238852196.2,8665,1103111,38.46,Positive,86.91428571428573,94.1265006276148,79.70207080095665
100,NCC,EQ,82.95,83.45,84.25,82.7,83.15,83.15,83.47,1865086,155680706.6,7162,744422,39.91,Slight or No change,86.41428571428573,93.63076563302624,79.19780579554521
101,NCC,EQ,83.15,83.5,84.0,82.05,82.6,82.6,82.78,1746487,144578158.95,6705,618473,35.41,Slight negative,85.97142857142858,93.31704100185429,78.62581614100286
102,NCC,EQ,82.6,82.7,83.65,82.45,82.75,82.85,82.98,1020379,84672092.15,4156,241770,23.69,Slight or No change,85.37857142857142,92.24809322199583,78.50904963514701
103,NCC,EQ,82.85,84.0,87.55,83.5,85.85,85.85,86.19,7393638,637252053.2,23981,1902482,25.73,Among top gainers,85.04642857142856,91.26840751530368,78.82444962755345
104,NCC,EQ,85.85,86.95,86.95,84.9,85.7,85.7,85.65,1305865,111848108.5,4882,245308,18.79,Slight or No change,84.6892857142857,90.02410293001843,79.35446849855298
105,NCC,EQ,85.7,86.55,90.5,86.5,88.8,88.95,89.06,9255101,824297380.3,41005,2160166,23.34,Among top gainers,84.625,89.70766283934564,79.54233716065436
106,NCC,EQ,88.95,89.2,89.4,85.0,86.3,86.3,86.87,2296518,199500321.05,8331,704195,30.66,Negative,84.46785714285714,89.15509138440818,79.7806229013061
107,NCC,EQ,86.3,89.0,91.05,87.45,89.65,89.5,89.37,8189541,731924854.45,62565,3003154,36.67,Among top gainers,84.52499999999999,89.4480618990159,79.60193810098409
108,NCC,EQ,89.5,89.8,91.95,89.5,90.5,90.5,90.85,5011169,455245194.5,16553,1985985,39.63,Positive,84.92499999999998,90.79772050704351,79.05227949295646
109,NCC,EQ,90.5,90.95,91.8,88.65,89.5,89.2,90.04,2438588,219575559.5,9957,789267,32.37,Negative,85.33214285714284,91.55895919924295,79.10532651504273
110,NCC,EQ,89.2,89.65,90.6,88.8,90.1,90.0,89.82,2297524,206362772.8,7984,907291,39.49,Slight positive,85.79285714285713,92.39482155248076,79.1908927332335
111,NCC,EQ,90.0,89.2,95.75,89.1,94.55,94.3,93.75,11198605,1049825373.35,44450,2421957,21.63,Among top gainers,86.68571428571428,94.26954613343531,79.10188243799325
112,NCC,EQ,94.3,94.8,94.8,92.7,93.1,93.25,93.9,1292762,121393897.65,6205,453450,35.08,Negative,87.50714285714285,95.27699159766227,79.73729411662343
113,NCC,EQ,93.25,93.3,96.25,93.3,94.6,94.65,95.01,4759874,452239525.1,18641,841954,17.69,Positive,88.34285714285714,96.50806071965489,80.17765356605939
114,NCC,EQ,94.65,95.1,102.35,95.05,101.75,101.5,100.3,26190671,2626849872.2,93903,4328877,16.53,Bull run,89.65357142857142,99.86325493799706,79.4438879191458
115,NCC,EQ,101.5,104.0,109.0,102.0,107.4,107.9,106.32,21982787,2337170721.5,76720,6744061,30.68,Among top gainers,91.46071428571429,104.77618698430116,78.14524158712742
116,NCC,EQ,107.9,108.0,111.7,105.9,109.7,108.9,109.32,10931920,1195080191.1,45459,3649196,33.38,Slight positive,93.32142857142858,108.59073988962058,78.05211725323659
117,NCC,EQ,108.9,109.85,110.4,106.6,107.8,107.35,108.36,4967440,538289499.3,20338,1354859,27.27,Negative,94.85714285714288,111.17800525624871,78.53628045803704
118,NCC,EQ,107.35,108.0,109.9,107.05,108.3,107.7,108.42,4264770,462398141.05,24445,1007687,23.63,Slight or No change,96.42857142857144,113.18215723467975,79.67498562246314
119,NCC,EQ,107.7,108.15,111.65,107.3,109.2,108.85,109.08,5076499,553750242.7,21885,1057660,20.83,Positive,97.85000000000001,115.23518378921003,80.46481621078999
120,NCC,EQ,108.85,109.6,114.0,109.2,112.5,112.5,112.3,9450357,1061317876.15,39907,3181712,33.67,Among top gainers,99.72142857142858,117.38916162376967,82.05369551908748
121,NCC,EQ,112.5,112.8,112.8,109.0,110.0,109.75,110.51,3314970,366346983.4,19631,1148035,34.63,Negative,101.16785714285716,118.54412775020481,83.79158653550951
122,NCC,EQ,109.75,109.8,111.45,108.0,108.7,108.8,109.44,2806545,307143802.6,13095,828507,29.52,Slight negative,102.47500000000001,119.13276557183306,85.81723442816696
123,NCC,EQ,108.8,109.5,111.35,107.15,107.6,107.75,109.16,3610954,394167697.75,16548,1387046,38.41,Slight negative,103.8,118.775210284898,88.824789715102
124,NCC,EQ,107.75,108.3,109.35,102.35,104.15,104.1,104.88,3942844,413539206.65,17060,1352678,34.31,Among top losers,104.80714285714285,117.50825468872014,92.10603102556556
125,NCC,EQ,104.1,104.1,106.35,101.5,104.5,103.85,103.82,4737687,491844202.95,18529,1920765,40.54,Slight or No change,105.48928571428571,116.6976053283679,94.28096610020353
126,NCC,EQ,103.85,104.8,106.0,101.8,102.35,102.45,103.0,4530111,466610090.55,9740,2490816,54.98,Negative,106.14642857142857,115.1195049057238,97.17335223713334
127,NCC,EQ,102.45,102.15,103.9,101.1,103.15,102.95,102.88,2775380,285526092.55,10717,720788,25.97,Slight or No change,106.73928571428571,113.1796844801795,100.29888694839192
128,NCC,EQ,102.95,103.5,105.4,102.0,103.6,103.7,104.31,4816755,502424277.5,18274,1699212,35.28,Slight positive,106.89642857142857,112.87709798156959,100.91575916128755
129,NCC,EQ,103.7,103.95,104.9,95.1,96.0,95.9,99.26,11945113,1185710863.85,43849,2958232,24.77,Bear drop,106.03928571428571,114.37596819146242,97.702603237109
130,NCC,EQ,95.9,95.0,101.45,95.0,100.8,100.3,98.46,7771991,765234146.55,30444,1469391,18.91,Among top gainers,105.42499999999998,114.11360881136409,96.73639118863588
131,NCC,EQ,100.3,101.6,104.25,101.45,102.9,102.75,102.98,6374869,656494241.95,27252,2298996,36.06,Positive,105.09642857142856,113.81929545069467,96.37356169216245
132,NCC,EQ,102.75,103.7,105.7,103.45,104.25,104.3,104.48,4927545,514842804.4,26333,2097797,42.57,Positive,104.85357142857141,113.45262900535171,96.25451385179112
133,NCC,EQ,104.3,104.7,106.4,102.5,106.2,105.25,104.38,2241884,234008957.95,9452,585809,26.13,Slight positive,104.59642857142856,112.89058446446634,96.30227267839078
134,NCC,EQ,105.25,107.0,109.55,105.85,107.9,107.8,108.06,5476883,591849960.7,20980,1586719,28.97,Positive,104.26071428571427,111.48877696598218,97.03265160544636
135,NCC,EQ,107.8,114.0,114.0,108.35,108.9,108.75,110.5,14043183,1551828618.15,53736,3310143,23.57,Slight positive,104.1892857142857,111.20017598710942,97.17839544146199
136,NCC,EQ,108.75,108.75,110.25,107.55,108.9,108.9,108.88,4173759,454445302.35,14850,1274144,30.53,Slight or No change,104.19642857142857,111.22772829652688,97.16512884633026
137,NCC,EQ,108.9,108.0,112.8,108.0,110.7,110.85,110.92,11417795,1266487777.2,35724,3576130,31.32,Positive,104.41785714285713,112.09665984829257,96.73905443742169
138,NCC,EQ,110.85,110.0,112.0,109.2,111.1,111.15,110.88,5185033,574901166.55,17333,1947334,37.56,Slight or No change,104.92142857142858,113.39407362983304,96.44878351302411
139,NCC,EQ,111.15,111.2,120.15,111.1,119.3,119.6,117.11,28070636,3287273996.2,93385,7728318,27.53,Bull run,106.04642857142858,117.54756325028046,94.5452938925767
140,NCC,EQ,119.6,120.3,122.9,119.6,120.15,120.5,121.09,16520742,2000460681.35,58011,3378168,20.45,Slight positive,107.33571428571429,120.95241379383648,93.7190147775921
141,NCC,EQ,120.5,119.5,124.0,117.25,123.35,123.05,121.18,12186337,1476792588.65,38685,2714830,22.28,Positive,108.77142857142857,124.47486838498568,93.06798875787146
142,NCC,EQ,123.05,123.95,126.0,120.1,121.45,120.9,123.17,7988798,983995050.75,27732,1419277,17.77,Negative,110.0,126.65666879614898,93.34333120385102
143,NCC,EQ,120.9,122.0,122.8,118.3,120.2,119.5,120.15,4885027,586916078.15,19097,1013994,20.76,Negative,111.68571428571428,126.91071541348587,96.46071315794269
144,NCC,EQ,119.5,119.0,119.3,116.65,118.55,118.35,117.93,5879085,693346612.95,22068,1727194,29.38,Slight negative,112.975,127.06109516236005,98.88890483763994
145,NCC,EQ,118.35,116.85,121.7,116.0,120.95,120.2,119.86,6511495,780445294.4,23771,774557,11.9,Positive,114.22142857142856,127.47352357478587,100.96933356807125
146,NCC,EQ,120.2,121.4,123.25,119.35,123.0,122.75,121.75,5289979,644075852.1,21853,911893,17.24,Positive,115.53928571428571,128.19746510527597,102.88110632329546
147,NCC,EQ,122.75,125.0,127.2,123.8,125.4,125.05,125.5,8103938,1017025568.8,33448,1586296,19.57,Positive,116.95357142857142,129.07256251920802,104.83458033793482
148,NCC,EQ,125.05,125.9,126.35,122.5,123.35,122.95,123.94,4504287,558254868.25,18632,1466905,32.57,Negative,118.03571428571429,129.30994825740103,106.76148031402755
149,NCC,EQ,122.95,122.2,123.15,119.75,120.55,120.65,121.26,3165018,383782829.65,12316,634631,20.05,Negative,118.88571428571429,128.86410852769205,108.90732004373652
150,NCC,EQ,120.65,119.6,122.45,118.15,119.15,118.8,120.52,3608337,434874355.15,13466,541928,15.02,Negative,119.59285714285714,127.76201651424586,111.42369777146843
151,NCC,EQ,118.8,119.95,120.9,115.2,119.05,119.05,117.87,5528008,651568552.15,21892,1046990,18.94,Slight or No change,120.17857142857143,126.64608959312065,113.71105326402221
152,NCC,EQ,119.05,120.9,121.4,118.6,119.65,119.5,119.97,3017489,362013650.2,12997,726972,24.09,Slight or No change,120.77499999999999,124.69374194883014,116.85625805116985
153,NCC,EQ,119.5,119.65,122.95,112.2,120.35,120.3,119.37,5204995,621318649.3,18371,766825,14.73,Slight positive,120.825,124.69674180639247,116.95325819360754
154,NCC,EQ,120.3,121.6,124.5,120.55,124.1,124.15,122.57,4028549,493795546.45,21413,959385,23.81,Among top gainers,121.08571428571429,125.33622168916575,116.83520688226282
155,NCC,EQ,124.15,123.95,130.6,122.9,129.85,129.1,127.05,8109652,1030362751.15,31000,1633844,20.15,Among top gainers,121.51785714285714,127.50432998943712,115.53138429627715
156,NCC,EQ,129.1,130.95,134.35,129.2,133.2,133.65,132.32,13869569,1835168838.75,53221,2878783,20.76,Among top gainers,122.42857142857143,131.22837162610236,113.6287712310405
157,NCC,EQ,133.65,133.45,133.7,130.2,132.55,132.45,131.95,5220520,688831608.55,19607,1155379,22.13,Slight negative,123.35357142857143,133.45372103033492,113.25342182680794
158,NCC,EQ,132.45,132.0,136.0,131.6,134.65,134.65,134.59,5123419,689583274.55,20279,965853,18.85,Positive,124.51785714285715,135.81983839482183,113.21587589089248
159,NCC,EQ,134.65,134.65,135.2,131.0,132.15,132.05,132.9,3335959,443336022.2,11619,651153,19.52,Negative,125.36428571428573,137.0419717713919,113.68659965717956
160,NCC,EQ,132.05,132.1,135.95,131.4,133.7,133.7,133.77,7722733,1033080595.2,21430,2922578,37.84,Positive,126.14642857142859,138.51614744676786,113.7767096960893
161,NCC,EQ,133.7,134.25,135.0,131.5,133.7,133.75,133.49,3131796,418050809.55,13337,569827,18.19,Slight or No change,126.76785714285715,139.75883668446713,113.77687760124716
162,NCC,EQ,133.75,134.95,135.7,130.3,131.35,131.35,133.38,4165441,555589996.35,25082,1113660,26.74,Negative,127.36785714285715,140.37516911863233,114.36054516708197
163,NCC,EQ,131.35,132.5,132.8,127.35,131.0,130.45,129.88,6305351,818941927.65,23482,2881852,45.7,Slight negative,128.06785714285715,140.56250874589506,115.57320553981924
164,NCC,EQ,130.45,131.0,132.45,128.85,130.0,130.05,130.78,4593780,600757781.15,25238,1387366,30.2,Slight or No change,128.87142857142857,140.19021583221425,117.5526413106429
165,NCC,EQ,130.05,130.9,133.15,129.5,132.6,132.65,131.18,4960251,650697586.15,27955,2300166,46.37,Positive,129.84285714285716,139.78080749204062,119.90490679367369
166,NCC,EQ,132.65,132.6,134.2,130.8,132.2,132.05,132.28,4058801,536901027.15,18366,1534312,37.8,Slight or No change,130.73928571428573,138.73208810830678,122.74648332026467
167,NCC,EQ,132.05,132.0,135.9,131.1,134.0,134.1,133.98,4263815,571278124.95,24084,1247003,29.25,Positive,131.725,137.16951029089586,126.28048970910413
168,NCC,EQ,134.1,133.6,141.0,132.6,140.85,140.05,138.61,19097490,2647164398.85,69231,5276868,27.63,Among top gainers,132.8607142857143,138.129078295598,127.59235027583061
169,NCC,EQ,140.05,141.3,141.4,137.15,137.7,137.9,139.21,7771127,1081781853.7,28219,1830669,23.56,Negative,133.48928571428573,138.92211732778503,128.05645410078642
170,NCC,EQ,137.9,137.5,137.85,135.6,137.15,136.7,136.85,3557070,486789702.45,13990,805930,22.66,Slight negative,133.70714285714286,139.40584137830913,128.00844433597658
171,NCC,EQ,136.7,137.25,140.0,133.5,136.7,136.75,137.4,4763723,654536532.0,19879,919118,19.29,Slight or No change,134.0142857142857,139.88211568552776,128.14645574304365
172,NCC,EQ,136.75,136.75,137.75,132.9,133.75,133.75,135.17,3403406,460053637.4,13098,1518136,44.61,Negative,133.95,139.8075395202036,128.0924604797964
173,NCC,EQ,133.75,133.95,134.85,125.1,127.1,126.95,129.29,7242526,936375782.2,27168,2190103,30.24,Among top losers,133.5857142857143,140.4926148007972,126.67881377063136
174,NCC,EQ,126.95,126.95,130.3,121.3,129.2,129.75,126.02,5419049,682927908.35,28095,1315220,24.27,Positive,133.30357142857142,140.50671863450216,126.10042422264068
175,NCC,EQ,129.75,130.4,130.8,121.1,122.95,123.25,125.94,6826395,859723577.9,27102,3054683,44.75,Among top losers,132.55357142857142,141.5257904565317,123.58135240061112
176,NCC,EQ,123.25,123.25,127.4,121.2,127.1,126.7,124.55,6478859,806964087.45,25399,2472910,38.17,Positive,132.2214285714286,141.71472290809675,122.72813423476042
177,NCC,EQ,126.7,126.2,128.95,124.0,126.7,126.9,126.39,4155141,525149321.5,19576,813372,19.58,Slight or No change,131.96785714285716,141.84678632360445,122.08892796210986
178,NCC,EQ,126.9,126.6,128.75,126.1,126.75,126.7,127.4,3116095,396978409.25,14650,690061,22.15,Slight or No change,131.72857142857146,141.9634825954251,121.49366026171782
179,NCC,EQ,126.7,127.65,129.2,124.2,125.65,126.2,126.41,4804939,607382305.1,14933,1507287,31.37,Slight or No change,131.26785714285717,141.89717850066037,120.63853578505396
180,NCC,EQ,126.2,126.8,132.45,126.15,127.6,127.9,130.46,12286533,1602941281.95,38637,3947129,32.13,Positive,130.9714285714286,141.73738019149883,120.20547695135835
181,NCC,EQ,127.9,128.1,129.65,126.1,126.9,127.05,127.63,3217280,410626656.95,13800,1000864,31.11,Slight negative,130.46785714285718,141.2629135002006,119.67280078551376
182,NCC,EQ,127.05,124.4,127.0,124.4,124.95,125.15,125.75,2474708,311202611.6,9944,921432,37.23,Negative,129.40357142857147,139.00064344084532,119.8064994162976
183,NCC,EQ,125.15,125.9,126.85,120.9,122.6,122.5,123.58,4443696,549169151.0,22357,1364429,30.7,Negative,128.30357142857147,137.21108461737845,119.39605823976449
184,NCC,EQ,122.5,123.85,128.3,118.7,125.2,124.9,124.63,6628514,826123200.95,29584,1107473,16.71,Positive,127.46071428571432,135.08670008039286,119.83472849103579
185,NCC,EQ,124.9,123.35,123.35,113.2,115.2,114.95,117.93,6334433,747015823.95,30553,1605698,25.35,Bear drop,125.90357142857147,134.2293852521058,117.57775760503714
186,NCC,EQ,114.95,111.7,114.5,108.5,113.1,112.5,111.7,6588853,735948529.55,26744,1472406,22.35,Negative,124.38571428571433,134.16987955976145,114.6015490116672
187,NCC,EQ,112.5,104.5,113.5,101.5,110.55,110.5,107.56,9827590,1057035993.55,33141,2491917,25.36,Negative,123.21071428571432,135.33863366916208,111.08279490226654
188,NCC,EQ,110.5,113.0,115.5,108.75,109.5,110.3,112.15,4187308,469618642.2,20439,1145559,27.36,Slight or No change,121.8214285714286,135.12190365176377,108.52095349109341
189,NCC,EQ,110.3,111.0,115.4,110.5,113.65,113.9,113.46,5699172,646640083.05,21491,1719543,30.17,Among top gainers,121.15357142857147,135.06977472852705,107.2373681286159
190,NCC,EQ,113.9,110.0,115.3,108.45,114.4,114.25,113.28,3899571,441755305.6,16674,1367752,35.07,Slight or No change,120.26428571428575,134.2447351717584,106.2838362568131
191,NCC,EQ,114.25,115.85,120.0,114.15,119.0,118.55,117.35,4742526,556557586.45,23193,1298685,27.38,Among top gainers,119.66785714285717,133.13174657649776,106.20396770921658
192,NCC,EQ,118.55,119.75,130.4,117.15,124.95,126.15,126.21,28655556,3616609102.15,92457,6056129,21.13,Among top gainers,119.62857142857146,133.0070107008714,106.25013215627152
193,NCC,EQ,126.15,128.35,129.6,121.9,124.0,123.4,126.32,11603911,1465799617.6,53796,2518320,21.7,Negative,119.42857142857146,132.46312398857677,106.39401886856616
194,NCC,EQ,123.4,124.5,127.95,123.2,125.6,125.1,125.48,9234393,1158759996.6,41724,1670144,18.09,Positive,119.22857142857144,131.7801704248196,106.6769724323233
195,NCC,EQ,125.1,125.1,127.9,121.5,124.65,124.5,124.73,8359798,1042689440.85,33858,1186370,14.19,Slight or No change,119.04642857142859,131.1760150496169,106.91684209324029
196,NCC,EQ,124.5,125.35,126.15,123.0,124.2,123.85,124.6,3775130,470365098.75,18550,544863,14.43,Slight negative,118.95357142857144,130.9004064961468,107.00673636099607
197,NCC,EQ,123.85,124.5,125.8,122.9,123.6,123.7,124.04,3562040,441851351.15,13723,898423,25.22,Slight or No change,119.03928571428573,131.11228028076252,106.96629114780895
198,NCC,EQ,123.7,123.0,124.35,122.35,123.6,122.8,123.26,2904321,357985501.85,11009,681200,23.45,Slight negative,118.88928571428572,130.69789916584438,107.08067226272708
199,NCC,EQ,122.8,123.8,126.7,122.85,125.75,125.3,125.34,5497936,689105563.5,25869,1902989,34.61,Positive,119.62857142857142,131.66848672891888,107.58865612822397
200,NCC,EQ,125.3,126.8,127.2,125.25,126.15,126.05,126.33,2758131,348425254.1,11345,610759,22.14,Slight positive,120.59642857142856,132.34275135351993,108.85010578933719
201,NCC,EQ,126.05,127.2,131.2,126.65,130.85,130.35,129.66,11885722,1541082341.8,60655,3644312,30.66,Among top gainers,122.0142857142857,133.2935675088938,110.73500391967761
202,NCC,EQ,130.35,130.4,133.3,129.05,131.6,131.7,131.89,9352932,1233574567.5,52224,2089908,22.34,Positive,123.54285714285713,133.7310748584225,113.35463942729177
203,NCC,EQ,131.7,131.7,133.35,130.1,130.4,130.65,131.92,6066623,800296555.0,24036,900191,14.84,Slight negative,124.73928571428571,133.93520274902835,115.54336867954308
204,NCC,EQ,130.65,130.0,130.5,124.6,126.65,126.9,126.85,5457368,692260940.7,21297,1542298,28.26,Negative,125.64285714285714,132.6164178868766,118.66929639883769
205,NCC,EQ,126.9,127.8,128.65,120.8,121.15,122.4,125.31,3540126,443600348.5,13648,876848,24.77,Among top losers,125.91785714285716,131.92293283479592,119.9127814509184
206,NCC,EQ,122.4,121.75,122.4,116.35,118.8,118.85,119.9,7390070,886055775.25,24913,1784052,24.14,Negative,125.39642857142857,132.48471406291173,118.3081430799454
207,NCC,EQ,118.85,120.0,121.15,116.8,119.95,120.3,119.23,5719649,681928703.4,41106,1902879,33.27,Positive,125.17499999999998,132.71144988857858,117.63855011142137
208,NCC,EQ,120.3,120.95,121.75,117.55,117.75,118.1,119.68,4022449,481410375.4,17956,642876,15.98,Negative,124.67499999999998,133.10833586702992,116.24166413297004
209,NCC,EQ,118.1,119.9,124.0,118.6,123.8,123.15,121.25,6509117,789229321.85,26741,1790875,27.51,Among top gainers,124.57857142857142,133.05130727640903,116.10583558073381
210,NCC,EQ,123.15,124.0,126.05,123.3,125.0,125.1,124.73,5778600,720791601.15,24095,1482287,25.65,Positive,124.66785714285713,133.13386220771633,116.20185207799794
211,NCC,EQ,125.1,124.7,126.25,123.9,126.1,125.75,125.26,2702430,338499648.65,11625,431952,15.98,Slight positive,124.8142857142857,133.27909327458775,116.34947815398365
212,NCC,EQ,125.75,125.85,127.95,125.55,126.3,126.35,126.98,3775071,479355422.6,19243,847693,22.46,Slight or No change,125.06785714285714,133.48529391174478,116.6504203739695
213,NCC,EQ,126.35,126.4,126.75,121.9,122.8,122.45,123.98,3033412,376085883.9,11854,1061032,34.98,Among top losers,124.86428571428571,133.39463231842748,116.33393911014396
214,NCC,EQ,122.45,122.8,123.25,118.2,119.0,119.15,120.33,2942957,354130833.35,13686,588151,19.99,Negative,124.37142857142858,133.39001743304794,115.35283970980922
215,NCC,EQ,119.15,118.1,121.6,118.05,121.25,121.0,120.41,2974881,358218926.9,15208,660074,22.19,Positive,123.70357142857144,132.18372602492175,115.2234168322211
216,NCC,EQ,121.0,121.4,123.7,120.35,121.1,121.3,122.18,2177744,266072297.0,11753,373302,17.14,Slight or No change,122.96071428571429,130.1467240452203,115.77470452620825
217,NCC,EQ,121.3,121.3,122.5,118.5,118.6,119.0,120.34,2593001,312033978.65,10009,626049,24.14,Negative,122.12857142857142,128.0691378721279,116.18800498501494
218,NCC,EQ,119.0,116.0,117.65,113.6,114.75,115.1,115.62,4871615,563259798.8,31783,1782374,36.59,Among top losers,121.28571428571426,127.64380163375017,114.92762693767835
219,NCC,EQ,115.1,114.95,118.85,114.75,118.7,118.35,117.02,2731552,319652546.9,10144,941980,34.49,Positive,120.99642857142854,127.50292996922597,114.4899271736311
220,NCC,EQ,118.35,119.6,122.4,119.2,122.25,122.0,121.13,4320608,523374333.6,22106,1623634,37.58,Among top gainers,121.22142857142855,127.62523925013937,114.81761789271772
221,NCC,EQ,122.0,120.95,121.3,116.65,117.6,117.55,118.59,3541468,419980718.15,12790,1343656,37.94,Among top losers,121.02499999999998,127.71296278053529,114.33703721946466
222,NCC,EQ,117.55,118.45,120.25,117.25,119.95,119.75,119.07,2490989,296592763.8,12898,750921,30.15,Positive,121.14285714285712,127.66487395490866,114.62084033080559
223,NCC,EQ,119.75,119.45,127.9,119.1,127.5,127.3,124.71,5853000,729956112.75,22437,1963384,33.54,Among top gainers,121.43928571428569,128.69072361640767,114.18784781216371
224,NCC,EQ,127.3,128.0,129.3,124.15,125.5,125.65,127.32,7089464,902631259.8,29515,1719087,24.25,Negative,121.47857142857141,128.8208320619711,114.13631079517174
225,NCC,EQ,125.65,128.0,131.0,127.5,129.75,129.5,129.61,5276514,683885901.6,20808,1433273,27.16,Among top gainers,121.74642857142855,129.97951980186994,113.51333734098718
226,NCC,EQ,129.5,129.6,131.05,128.15,130.25,130.55,129.68,3063900,397317769.2,13044,496655,16.21,Slight positive,122.04642857142856,131.25089774391387,112.84195939894326
227,NCC,EQ,130.55,130.6,131.8,129.2,129.95,129.75,130.48,2774204,361967307.35,10545,769435,27.74,Slight negative,122.56785714285714,132.65551961073908,112.48019467497521
228,NCC,EQ,129.75,130.8,133.1,130.15,131.25,131.55,131.63,4034670,531080509.1,14386,1427315,35.38,Positive,123.45357142857141,134.39027493175112,112.5168679253917
229,NCC,EQ,131.55,131.95,131.95,127.1,127.5,127.8,129.24,3213690,415351690.6,13049,745482,23.2,Negative,123.93928571428569,135.00977167203112,112.86879975654024
230,NCC,EQ,127.8,128.0,128.45,126.4,127.85,127.8,127.61,2414781,308139624.05,9644,507247,21.01,Slight or No change,124.4035714285714,135.5422403371495,113.26490251999329
231,NCC,EQ,127.8,128.25,129.65,126.25,126.85,127.05,128.04,1747061,223687152.4,8581,250886,14.36,Slight negative,124.9785714285714,135.7403781317446,114.2167647253982
232,NCC,EQ,127.05,125.5,131.95,125.5,131.85,131.2,129.55,3435578,445089403.8,16675,757493,22.05,Among top gainers,126.1285714285714,135.72037195624176,116.53677090090105
233,NCC,EQ,131.2,132.3,135.0,130.5,134.7,134.65,133.25,5339190,711430048.65,27762,949733,17.79,Positive,127.29285714285713,136.77383868429,117.81187560142426
234,NCC,EQ,134.65,135.05,136.2,131.05,133.7,132.85,134.53,5034599,677280159.25,24737,903116,17.94,Negative,128.06785714285712,137.45849135940452,118.67722292630971
235,NCC,EQ,132.85,133.55,135.45,132.55,133.8,134.05,134.05,2483233,332880989.2,12834,484542,19.51,Slight positive,129.24642857142857,136.9388288455954,121.55402829726172
236,NCC,EQ,134.05,132.75,133.6,130.05,132.15,132.0,131.58,2291809,301560255.75,10864,438072,19.11,Negative,130.12142857142857,135.64044663984805,124.60241050300908
237,NCC,EQ,132.0,131.1,133.55,128.35,129.8,129.2,131.15,2572766,337416927.05,11253,704935,27.4,Negative,130.25714285714284,135.56676505764526,124.9475206566404
238,NCC,EQ,129.2,129.8,131.4,128.4,129.0,128.95,129.46,2567411,332373434.0,9757,1337276,52.09,Slight or No change,130.49285714285713,135.17767010896932,125.80804417674493
239,NCC,EQ,128.95,129.0,129.3,125.5,126.15,126.35,127.16,3451615,438894926.85,15327,1654842,47.94,Negative,130.26785714285714,135.4357472260602,125.0999670596541
240,NCC,EQ,126.35,127.0,127.55,124.2,126.6,126.35,126.13,4444906,560618273.6,12303,1977589,44.49,Slight or No change,129.96785714285713,135.5372248935841,124.39848939213017
241,NCC,EQ,126.35,127.75,128.4,126.55,127.1,127.25,127.23,1853065,235770933.6,10053,403596,21.78,Slight positive,129.78928571428568,135.5459111375451,124.03266029102627
242,NCC,EQ,127.25,127.6,134.2,127.3,133.35,133.55,131.58,3540955,465907155.8,15908,618272,17.46,Among top gainers,129.93214285714285,135.96941263524675,123.89487307903896
243,NCC,EQ,133.55,134.85,136.7,129.55,130.7,130.6,134.16,6572602,881808160.8,27479,1153398,17.55,Negative,130.13214285714284,136.04947166495472,124.21481404933094
244,NCC,EQ,130.6,130.0,130.45,126.9,128.75,128.8,128.25,2147333,275391897.65,10551,350743,16.33,Negative,130.2035714285714,136.02296398023088,124.3841788769119
245,NCC,EQ,128.8,128.5,134.35,128.0,132.2,132.55,132.48,6540662,866531904.25,35736,823068,12.58,Positive,130.59642857142856,136.23864094243524,124.95421620042187
246,NCC,EQ,132.55,133.5,134.2,131.7,132.25,132.9,133.03,2411475,320810229.5,16244,447795,18.57,Slight or No change,130.71785714285713,136.48775344146458,124.94796084424969
247,NCC,EQ,132.9,132.65,134.95,131.1,132.2,132.15,132.93,2615482,347689098.85,11980,507347,19.4,Slight negative,130.53928571428568,135.927046569497,125.15152485907436
248,NCC,EQ,132.15,131.1,132.4,127.3,127.75,127.85,128.88,4513482,581689627.15,18171,1869059,41.41,Among top losers,130.18214285714285,135.57296228148962,124.79132343279608
249,NCC,EQ,127.85,128.0,129.0,122.2,122.65,123.05,124.77,3671428,458100506.5,20098,932692,25.4,Among top losers,129.39642857142854,135.5160645945042,123.2767925483529
250,NCC,EQ,123.05,123.7,123.9,120.3,121.3,121.8,122.2,2601231,317870430.75,15245,721175,27.72,Negative,128.66785714285712,135.79760059954768,121.53811368616655
251,NCC,EQ,121.8,121.85,122.85,118.1,118.85,118.95,119.73,2507763,300251019.5,11597,560153,22.34,Negative,127.93571428571427,136.7388106440694,119.13261792735914
252,NCC,EQ,118.95,118.95,123.75,103.85,109.5,109.4,114.44,12538922,1435009159.15,44892,3916140,31.23,Bear drop,126.5392857142857,139.74884976528912,113.32972166328229
253,NCC,EQ,109.4,109.5,110.2,105.1,106.5,106.8,107.74,11239017,1210886695.15,62521,4511702,40.14,Negative,125.14285714285712,142.05352092197973,108.23219336373454
254,NCC,EQ,106.8,107.7,111.65,107.0,109.15,109.5,109.15,5282982,576613053.65,28567,1153912,21.84,Positive,123.9392857142857,142.76942434572175,105.10914708284967
255,NCC,EQ,109.5,109.3,109.7,103.65,105.3,104.9,106.55,4219395,449593908.05,19780,1203138,28.51,Among top losers,122.34285714285714,143.59749852350055,101.08821576221374
256,NCC,EQ,104.9,103.9,105.25,96.65,98.5,97.8,99.32,10652589,1058043516.55,42751,4798166,45.04,Among top losers,119.78928571428571,143.67156683750193,95.9070045910695
257,NCC,EQ,97.8,99.0,108.3,98.0,107.0,107.2,104.43,12204000,1274445618.3,64734,3150625,25.82,Bull run,118.11785714285715,142.01628345547775,94.21943083023653
258,NCC,EQ,107.2,106.0,109.45,104.35,104.5,105.25,107.22,5841369,626317457.15,24539,1111012,19.02,Negative,116.4357142857143,140.4103620675632,92.4610665038654
259,NCC,EQ,105.25,106.7,115.4,104.15,114.4,114.4,112.64,34577685,3894782824.0,106022,5059286,14.63,Bull run,115.13928571428573,137.25082737752692,93.02774405104455
260,NCC,EQ,114.4,116.0,120.2,115.3,119.1,118.9,118.27,23017122,2722335871.3,91714,4192473,18.21,Among top gainers,114.13928571428573,133.93587355436225,94.34269787420922
261,NCC,EQ,118.9,119.1,119.9,116.4,117.75,117.8,117.8,6339874,746837432.9,31035,1771582,27.94,Slight negative,113.11428571428573,130.19326192983812,96.03530949873335
262,NCC,EQ,117.8,117.0,122.75,116.0,121.65,122.0,120.52,9277402,1118107654.15,39010,1245882,13.43,Among top gainers,112.69642857142858,128.4577963510881,96.93506079176908
263,NCC,EQ,122.0,120.05,122.6,120.0,120.95,121.15,121.31,5395293,654529675.25,20673,944994,17.52,Slight negative,112.56071428571431,127.96676597235367,97.15466259907495
264,NCC,EQ,121.15,121.5,122.1,118.7,120.8,119.95,120.15,8480757,1018925810.4,32471,3342603,39.41,Slight negative,112.42857142857146,127.52180548511777,97.33533737202515
265,NCC,EQ,119.95,121.2,125.5,119.2,119.95,120.1,122.28,15207019,1859499216.15,57183,3804745,25.02,Slight or No change,112.51071428571431,127.76845777103058,97.25297080039805
266,NCC,EQ,120.1,121.0,121.25,113.7,114.95,114.9,116.34,6791503,790156146.35,35359,1129279,16.63,Among top losers,112.90357142857145,128.09939394589497,97.70774891124792
267,NCC,EQ,114.9,114.0,115.6,107.25,109.3,109.25,110.02,12704783,1397820235.3,57487,2767028,21.78,Among top losers,113.07857142857145,128.02600312387247,98.13113973327043
268,NCC,EQ,109.25,108.7,110.75,103.5,107.9,107.05,106.26,23106731,2455287018.2,94015,8042385,34.81,Negative,112.90357142857145,128.08698668671,97.72015617043293
269,NCC,EQ,107.05,108.5,111.9,108.5,110.1,110.1,110.4,11081973,1223416829.9,39471,3161927,28.53,Positive,113.275,127.85753697459259,98.69246302540742
270,NCC,EQ,110.1,109.9,111.8,108.3,110.4,110.6,110.21,5683669,626400737.8,27241,921590,16.21,Slight or No change,114.18928571428572,125.91815729561887,102.46041413295256
271,NCC,EQ,110.6,111.4,114.0,110.2,112.6,112.5,112.32,6614547,742974253.35,38472,1091983,16.51,Positive,114.56785714285715,125.64920718160671,103.48650710410759
272,NCC,EQ,112.5,113.25,114.5,111.85,112.85,112.85,113.22,6085488,688994831.85,26817,881111,14.48,Slight or No change,115.11071428571428,124.89438817261644,105.32704039881212
273,NCC,EQ,112.85,113.6,114.15,107.7,108.65,108.5,110.77,7789316,862851238.85,36063,2345581,30.11,Among top losers,114.6892857142857,125.09344010430726,104.28513132426414
274,NCC,EQ,108.5,107.65,109.4,105.85,107.75,107.9,107.88,10065563,1085894080.0,39042,3595345,35.72,Slight negative,113.90357142857142,124.59537017525274,103.21177268189011
275,NCC,EQ,107.9,108.45,109.2,105.75,107.0,107.15,107.4,4949640,531587092.85,25791,1290700,26.08,Slight negative,113.14285714285714,124.15123557041726,102.13447871529702
276,NCC,EQ,107.15,106.7,107.3,101.3,102.25,102.6,103.34,9690344,1001374492.55,42944,3090219,31.89,Among top losers,111.75714285714285,122.84655965132725,100.66772606295845
277,NCC,EQ,102.6,101.6,103.75,100.35,101.5,101.35,101.87,7399318,753738921.25,38912,1830941,24.74,Negative,110.34285714285713,121.32184806908596,99.3638662166283
278,NCC,EQ,101.35,102.4,103.6,101.3,102.8,103.0,102.65,4717144,484233300.75,24124,629157,13.34,Positive,109.13214285714284,119.25216164268632,99.01212407159936
279,NCC,EQ,103.0,102.95,103.3,99.3,99.5,99.8,100.6,5502484,553530266.95,35773,1271270,23.1,Among top losers,107.68214285714284,116.80030791738966,98.56397779689601
280,NCC,EQ,99.8,99.55,102.1,98.3,101.3,101.4,100.59,5137101,516737182.7,23512,561638,10.93,Positive,106.71785714285713,115.39245375443495,98.0432605312793
281,NCC,EQ,101.4,101.05,101.8,96.65,97.0,97.3,98.83,5884084,581543753.75,27219,1299605,22.09,Among top losers,105.86428571428569,115.73486582126635,95.99370560730502
282,NCC,EQ,97.3,96.9,100.8,96.4,97.7,97.95,98.72,11075714,1093442610.55,51079,2850505,25.74,Slight positive,105.2142857142857,115.91233935260337,94.51623207596802
283,NCC,EQ,97.95,98.0,98.4,94.15,94.95,95.55,95.59,6441424,615716070.75,31491,1055317,16.38,Negative,104.17499999999998,115.62876995376699,92.72123004623298
284,NCC,EQ,95.55,95.2,95.2,90.1,91.8,90.9,92.11,8031556,739803936.3,30544,1898496,23.64,Among top losers,102.76785714285714,115.58116795879783,89.95454632691644
285,NCC,EQ,90.9,93.05,96.6,91.75,95.6,96.05,94.49,8116550,766914469.4,40112,2395701,29.52,Among top gainers,101.59285714285714,113.55014376218142,89.63557052353286
286,NCC,EQ,96.05,97.55,99.55,95.2,96.85,96.95,97.44,14249090,1388438768.2,62089,3535018,24.81,Slight positive,100.45714285714287,110.70708523167777,90.20720048260797
287,NCC,EQ,96.95,98.95,101.35,97.5,99.1,98.7,99.57,20613192,2052417409.8,90649,3016047,14.63,Positive,99.75714285714287,108.92211439537854,90.59217131890719
288,NCC,EQ,98.7,98.8,98.95,95.3,96.5,96.7,96.74,6429177,621932482.1,28642,822215,12.79,Negative,98.95714285714287,106.9392244386348,90.97506127565094
289,NCC,EQ,96.7,96.6,96.6,94.0,94.8,94.65,95.07,4986459,474082931.1,21523,646893,12.97,Negative,98.06428571428572,104.79737605189973,91.3311953766717
290,NCC,EQ,94.65,94.6,97.7,94.05,96.2,96.25,96.31,5891229,567395793.7,29901,1038273,17.62,Positive,97.6107142857143,103.866195398787,91.35523317264159
291,NCC,EQ,96.25,96.6,98.35,96.35,97.25,97.4,97.47,3777870,368222259.55,17728,665724,17.62,Positive,97.32857142857145,103.20220407281519,91.45493878432771
292,NCC,EQ,97.4,98.05,99.55,97.8,99.1,99.1,98.93,5785431,572357861.55,22256,1696938,29.33,Positive,97.05000000000003,102.07333018562503,92.02666981437503
293,NCC,EQ,99.1,99.45,101.5,98.6,99.45,99.55,100.05,8824793,882927655.3,51164,1611781,18.26,Slight or No change,97.03214285714287,102.01497602448768,92.04930968979806
294,NCC,EQ,99.55,100.1,101.35,96.5,96.95,97.05,98.26,9632067,946477812.6,30547,4187558,43.48,Negative,96.72142857142858,101.02754484512606,92.41531229773109
295,NCC,EQ,97.05,97.7,97.7,87.65,88.25,88.6,91.47,15330219,1402278496.2,61173,3846682,25.09,Bear drop,96.10000000000001,102.18857694627685,90.01142305372316
296,NCC,EQ,88.6,87.8,87.8,78.85,79.1,79.95,82.66,24775128,2047823986.9,110420,7825545,31.59,Bear drop,94.81428571428572,105.26176819141169,84.36680323715974
297,NCC,EQ,79.95,79.3,85.15,78.25,84.8,84.65,83.08,15018409,1247801637.9,57630,2743641,18.27,Among top gainers,94.0357142857143,105.789890536759,82.28153803466961
298,NCC,EQ,84.65,85.0,85.65,79.55,81.6,81.9,82.27,13544121,1114307366.75,55190,1651744,12.2,Among top losers,93.39285714285715,106.75962748765298,80.02608679806133
299,NCC,EQ,81.9,82.55,83.65,80.05,81.35,81.15,81.93,11608447,951077536.55,41602,3056171,26.33,Slight negative,92.32857142857145,107.08452012657068,77.57262273057222
300,NCC,EQ,81.15,81.4,82.2,79.0,79.5,79.75,80.03,9651898,772436029.7,40290,2393691,24.8,Negative,91.10000000000002,107.01689958213143,75.18310041786862
301,NCC,EQ,79.75,80.5,84.9,77.55,84.4,84.1,81.0,13520866,1095154746.0,54031,3054247,22.59,Among top gainers,90.05714285714286,105.74049302626918,74.37379268801655
302,NCC,EQ,84.1,84.55,90.85,83.35,89.65,90.2,87.8,15726017,1380731980.9,65186,3067659,19.51,Bull run,89.59285714285716,104.80691224093782,74.37880204477649
303,NCC,EQ,90.2,89.5,93.8,87.55,91.65,92.4,91.56,15849706,1451261492.85,64445,2230637,14.07,Positive,89.43214285714286,104.46250224395278,74.40178347033294
304,NCC,EQ,92.4,91.5,94.1,91.05,92.45,92.05,92.55,10175224,941765303.55,35491,2690403,26.44,Slight or No change,89.13214285714287,103.73796925742322,74.52631645686252
305,NCC,EQ,92.05,92.25,94.6,92.05,93.7,93.9,93.5,7211681,674266314.45,34145,1262730,17.51,Positive,88.88214285714287,102.98967533193924,74.7746103823465
306,NCC,EQ,93.9,93.5,95.2,91.1,92.1,91.65,92.95,8284492,770042402.05,30557,2399727,28.97,Negative,88.35000000000002,101.31284631612003,75.38715368388002
307,NCC,EQ,91.65,91.9,93.45,91.4,92.55,92.55,92.51,5260023,486607934.15,27423,959849,18.25,Slight positive,87.85000000000002,99.41672947592329,76.28327052407676
308,NCC,EQ,92.55,93.05,93.5,89.4,91.25,91.2,91.53,6002974,549422392.3,28800,1322634,22.03,Negative,87.43214285714289,97.94152380523155,76.92276190905423
309,NCC,EQ,91.2,91.2,95.85,90.0,93.35,93.9,93.88,13125164,1232199195.15,55696,1957063,14.91,Positive,87.81071428571433,98.86882502791502,76.75260354351363
310,NCC,EQ,93.9,93.9,95.0,91.35,92.35,92.1,93.08,7595810,707054890.95,33058,1601653,21.09,Negative,88.67857142857146,98.95892717561037,78.39821568153255
311,NCC,EQ,92.1,92.85,94.7,91.35,93.1,93.25,93.31,6458065,602610850.85,28500,972569,15.06,Positive,89.29285714285717,99.56401595268312,79.02169833303122
312,NCC,EQ,93.25,93.7,95.45,91.6,94.7,94.55,93.91,8246142,774379801.15,32622,1379698,16.73,Positive,90.19642857142858,99.8745930736382,80.51826406921897
313,NCC,EQ,94.55,94.9,96.45,93.55,96.0,95.55,95.13,7708986,733362414.4,27973,1389922,18.03,Positive,91.22500000000001,99.75420322728156,82.69579677271845
314,NCC,EQ,95.55,96.0,100.5,95.7,100.4,100.0,98.45,12489339,1229528532.7,50154,3048780,24.41,Among top gainers,92.67142857142858,99.52065247869217,85.82220466416499
315,NCC,EQ,100.0,100.0,103.95,96.1,98.4,98.6,100.87,35478932,3578615761.4,139944,5067118,14.28,Negative,93.70714285714287,99.22980346773119,88.18448224655455
316,NCC,EQ,98.6,97.45,100.65,96.0,97.1,97.35,98.46,11558918,1138080059.2,44785,1772387,15.33,Negative,94.21785714285714,99.66531345013891,88.77040083557537
317,NCC,EQ,97.35,97.55,100.3,97.0,100.0,99.8,98.84,8888733,878519213.75,33208,1470395,16.54,Positive,94.74642857142855,100.83266326516298,88.66019387769413
318,NCC,EQ,99.8,99.35,103.25,98.4,101.7,101.5,101.76,16436968,1672679459.35,60306,4336131,26.38,Positive,95.42142857142856,102.268068880109,88.57478826274813
319,NCC,EQ,101.5,102.35,102.75,100.75,100.8,101.2,101.8,7679809,781792108.0,29162,1633447,21.27,Slight or No change,95.94285714285714,103.37706675299304,88.50864753272123
320,NCC,EQ,101.2,101.85,102.3,100.7,101.45,101.15,101.49,4805795,487732871.8,20728,1298510,27.02,Slight or No change,96.62142857142855,104.10183521254427,89.14102193031283
321,NCC,EQ,101.15,101.8,101.8,98.75,99.45,99.65,99.96,7616657,761365800.55,25771,1730170,22.72,Negative,97.12857142857142,104.37911138572596,89.87803147141688
322,NCC,EQ,99.65,100.0,100.1,96.9,97.6,97.8,98.17,4631240,454671427.0,17330,719789,15.54,Negative,97.6,103.99819686137337,91.20180313862662
323,NCC,EQ,97.8,97.3,99.4,97.0,98.0,98.1,98.23,4813555,472841514.5,27825,1095393,22.76,Slight or No change,97.89999999999998,103.93438863132059,91.86561136867937
324,NCC,EQ,98.1,99.0,100.5,98.4,98.95,99.2,99.48,4679327,465498113.45,17362,853778,18.25,Positive,98.40714285714284,103.45443567955074,93.35985003473495
325,NCC,EQ,99.2,99.0,99.85,97.0,97.75,97.65,98.15,4233859,415549027.4,16763,948361,22.4,Negative,98.72142857142856,102.84970149876791,94.59315564408921
326,NCC,EQ,97.65,98.0,99.5,97.25,98.35,98.35,98.43,4193320,412768521.0,13138,762823,18.19,Slight positive,98.99285714285713,102.37126303522592,95.61445125048834
327,NCC,EQ,98.35,98.65,100.0,98.0,98.7,98.25,98.64,10133377,999514283.4,22786,4225041,41.69,Slight or No change,99.18571428571428,101.97427017649535,96.39715839493321
328,NCC,EQ,98.25,98.75,99.6,96.8,98.45,98.65,98.23,6422844,630917486.75,23805,982898,15.3,Slight or No change,99.08928571428571,101.8497702234327,96.32880120513872
329,NCC,EQ,98.65,98.75,105.3,97.6,103.5,103.65,102.52,26440709,2710804129.75,87417,5865739,22.18,Among top gainers,99.45000000000002,103.10870931424184,95.7912906857582
330,NCC,EQ,103.65,104.05,105.3,94.05,95.2,95.35,99.29,19730057,1959007810.6,78406,3710970,18.81,Bear drop,99.30714285714286,103.44400475640809,95.17028095787764
331,NCC,EQ,95.35,95.3,95.35,89.8,91.75,91.75,92.23,23058997,2126626225.85,91564,5208227,22.59,Among top losers,98.73214285714288,104.49296640174597,92.97131931253978
332,NCC,EQ,91.75,92.4,94.1,90.8,92.45,92.65,92.6,11010594,1019559621.55,38572,1666786,15.14,Slight positive,98.10000000000002,104.46323575162313,91.73676424837691
333,NCC,EQ,92.65,92.3,93.85,91.5,92.8,93.2,92.99,5883758,547103449.1,27733,1153991,19.61,Slight positive,97.52857142857145,104.1251572921004,90.93198556504251
334,NCC,EQ,93.2,92.6,94.15,91.0,91.25,91.65,92.49,7195222,665502084.6,35308,2839547,39.46,Negative,96.85000000000002,103.78752338873143,89.91247661126862
335,NCC,EQ,91.65,91.25,92.7,88.1,88.3,88.5,90.4,6160890,556935625.3,30196,1525275,24.76,Among top losers,96.05357142857144,104.08087716353641,88.02626569360648
336,NCC,EQ,88.5,89.0,89.05,85.35,87.5,87.55,86.95,7923921,688980034.7,35984,1687257,21.29,Negative,95.32142857142858,104.45595430840717,86.18690283445
337,NCC,EQ,87.55,88.1,90.75,88.1,89.9,89.8,89.69,4575144,410342707.45,22457,873911,19.1,Positive,94.72857142857144,104.15885931761774,85.29828353952514
338,NCC,EQ,89.8,89.4,92.6,87.6,91.6,91.6,90.54,7377452,667934353.2,37866,998654,13.54,Positive,94.1857142857143,103.37922609245183,84.99220247897676
339,NCC,EQ,91.6,92.0,92.35,88.25,89.0,88.75,89.91,4944377,444542631.4,22238,1087034,21.99,Among top losers,93.55,102.94033873395546,84.15966126604454
340,NCC,EQ,88.75,89.2,90.7,87.15,88.45,88.7,89.12,5497265,489943141.3,27167,679982,12.37,Slight or No change,92.8607142857143,102.14943188962695,83.57199668180164
341,NCC,EQ,88.7,89.5,90.25,79.85,84.55,85.1,85.64,10212778,874591532.55,39343,2144818,21.0,Among top losers,91.92142857142858,101.51699760379485,82.32585953906231
342,NCC,EQ,85.1,85.1,85.2,78.45,79.5,79.85,80.98,9204049,745355704.65,32861,2048985,22.26,Among top losers,90.57857142857142,101.31232224519499,79.84482061194785
343,NCC,EQ,79.85,78.25,80.7,76.9,79.8,79.7,78.99,9613263,759338140.4,31812,1153349,12.0,Slight or No change,88.86785714285713,98.16554975511569,79.57016453059857
344,NCC,EQ,79.7,80.15,81.3,79.55,80.6,80.45,80.36,5106291,410320009.6,20181,1056560,20.69,Slight positive,87.80357142857143,97.31368461124235,78.29345824590051
345,NCC,EQ,80.45,80.9,82.4,78.1,78.75,78.6,80.53,8544207,688028163.35,33992,2000666,23.42,Negative,86.86428571428571,97.25240234016766,76.47616908840376
346,NCC,EQ,78.6,79.15,79.25,72.35,73.1,73.0,75.16,9589740,720747705.55,35042,2468180,25.74,Bear drop,85.46071428571427,97.63737408863234,73.28405448279621
347,NCC,EQ,73.0,72.4,72.95,65.8,71.15,72.1,69.83,13609675,950382897.3,48579,1617483,11.88,Negative,83.95357142857141,97.18165718378212,70.7254856733607
348,NCC,EQ,72.1,70.8,77.95,70.4,74.55,74.85,74.8,11038587,825637187.1,40127,1597485,14.47,Among top gainers,82.75357142857139,96.02206878049398,69.4850740766488
349,NCC,EQ,74.85,72.95,77.7,71.9,75.05,75.05,75.59,13377070,1011209081.2,41232,4540888,33.95,Slight or No change,81.7928571428571,95.21584873551846,68.36986555019574
350,NCC,EQ,75.05,75.5,76.5,70.6,71.25,71.4,73.29,9441279,691936090.4,31501,1673959,17.73,Among top losers,80.63928571428569,94.69205322553515,66.58651820303623
351,NCC,EQ,71.4,71.6,73.8,68.45,70.85,70.35,71.51,11603823,829812938.9,38309,2862857,24.67,Negative,79.24999999999997,93.24714256553642,65.25285743446352
352,NCC,EQ,70.35,71.0,71.95,68.1,69.5,69.75,69.95,7327988,512624728.95,25578,1395627,19.05,Slight negative,77.68928571428569,90.58371972944819,64.79485169912319
353,NCC,EQ,69.75,70.6,74.35,69.85,74.0,73.7,72.45,16377316,1186532739.25,49722,5707657,34.85,Among top gainers,76.61428571428569,87.9519308755239,65.27664055304747
354,NCC,EQ,73.7,70.8,71.8,68.25,69.95,69.95,70.31,9776585,687429268.6,40087,1977657,20.23,Among top losers,75.27499999999998,84.73745617812976,65.8125438218702
355,NCC,EQ,69.95,71.55,74.3,71.1,73.15,73.1,72.97,9392894,685380332.5,26225,2915051,31.03,Among top gainers,74.41785714285712,82.04196941328158,66.79374487243265
356,NCC,EQ,73.1,73.2,73.9,71.6,73.45,73.25,72.94,7172313,523175807.8,27456,1532550,21.37,Slight or No change,73.94642857142856,80.91133668675165,66.98152045610546
357,NCC,EQ,73.25,74.4,74.75,72.5,74.1,74.05,73.82,7477670,551976761.55,21158,2199935,29.42,Positive,73.54285714285712,79.67685535494377,67.40885893077046
358,NCC,EQ,74.05,75.0,75.7,67.95,68.9,68.7,71.1,12646552,899203199.85,33768,3996233,31.6,Bear drop,72.70357142857141,77.91206512573129,67.49507773141153
359,NCC,EQ,68.7,67.35,69.7,65.25,66.45,66.1,66.79,11760089,785450939.1,47911,3913565,33.28,Among top losers,71.81071428571425,76.95018126965996,66.67124730176855
360,NCC,EQ,66.1,67.05,67.8,63.85,65.75,66.05,65.31,10635653,694617579.9,45046,2974717,27.97,Slight or No change,71.31428571428569,77.2412032646063,65.38736816396508
361,NCC,EQ,66.05,64.9,68.5,64.75,68.35,68.15,67.43,8462722,570632660.25,30466,2308227,27.28,Among top gainers,71.03214285714283,77.17024669149308,64.89403902279258
362,NCC,EQ,68.15,68.9,69.85,67.4,68.25,68.35,68.39,6932228,474118028.25,27232,1708496,24.65,Slight or No change,70.56785714285712,76.43951097131678,64.69620331439747
363,NCC,EQ,68.35,67.0,67.75,65.4,66.25,65.7,66.05,11162816,737260892.35,28497,4810573,43.09,Among top losers,69.89999999999998,75.70212162786692,64.09787837213304
364,NCC,EQ,65.7,65.25,67.3,63.25,66.9,66.85,65.53,8545008,559990290.65,22944,917912,10.74,Positive,69.57499999999997,75.52307661219666,63.62692338780329
365,NCC,EQ,66.85,67.5,73.1,65.05,72.5,72.8,69.38,10235581,710174953.95,45722,2561436,25.02,Bull run,69.74999999999997,75.93571555464867,63.56428444535128
366,NCC,EQ,72.8,71.85,76.0,71.5,74.55,74.65,73.86,10072163,743899429.85,28141,2847425,28.27,Positive,70.09999999999998,76.81737128071858,63.38262871928138
367,NCC,EQ,74.65,74.1,75.5,72.65,74.85,75.0,74.37,7163730,532744011.05,20776,1452310,20.27,Slight or No change,70.19285714285711,77.15604133300175,63.22967295271247
368,NCC,EQ,75.0,75.45,79.2,75.2,78.5,78.4,77.91,9215327,717948883.9,28852,1708228,18.54,Among top gainers,70.79642857142855,79.01979717612686,62.57305996673024
369,NCC,EQ,78.4,79.4,82.15,78.5,79.5,79.7,80.42,9842300,791555923.45,30387,1439692,14.63,Positive,71.26785714285712,80.72436545462297,61.81134883109129
370,NCC,EQ,79.7,79.4,81.4,78.2,79.5,79.6,79.8,6287522,501723851.3,21328,815424,12.97,Slight or No change,71.72142857142855,82.14696779641903,61.29588934643805
371,NCC,EQ,79.6,79.85,81.7,79.75,80.9,81.1,80.89,4787645,387252567.65,13929,1133720,23.68,Positive,72.22499999999998,83.7573458151387,60.692654184861254
372,NCC,EQ,81.1,81.35,81.95,81.15,81.55,81.4,81.48,667740,54406946.0,2757,198499,29.73,Slight or No change,73.13214285714284,85.44183929424374,60.82244642004194
373,NCC,EQ,81.4,81.5,84.1,80.85,83.8,83.6,82.66,4960336,410009256.5,15545,732669,14.77,Positive,74.38214285714284,87.16094785380845,61.603337860477225
374,NCC,EQ,83.6,84.45,84.85,82.3,82.55,82.8,83.52,8657177,723034442.05,21308,3004269,34.7,Slight negative,75.57857142857141,88.13139607457663,63.02574678256619
375,NCC,EQ,82.8,82.5,90.5,82.0,89.6,89.85,86.78,28097876,2438205391.5,79932,3096621,11.02,Bull run,77.12857142857139,91.01789850346444,63.239244353678345
376,NCC,EQ,89.85,90.3,90.6,86.05,87.65,87.4,87.97,13566706,1193443081.7,32592,2689110,19.82,Negative,78.48928571428569,92.40646815301653,64.57210327555484
377,NCC,EQ,87.4,87.3,91.85,87.05,89.4,89.7,90.07,14871448,1339469699.7,49921,3516482,23.65,Positive,80.20357142857141,93.21785141312823,67.18929144401459
378,NCC,EQ,89.7,90.1,90.1,86.5,88.0,87.75,87.88,7876563,692160822.4,29304,2353241,29.88,Negative,81.69642857142856,92.76109612774592,70.6317610151112
379,NCC,EQ,87.75,88.2,90.4,88.2,88.75,88.75,89.03,6639630,591128937.6,27045,1732801,26.1,Positive,82.83571428571427,93.21797938401451,72.45344918741404
380,NCC,EQ,88.75,88.15,88.3,84.1,87.35,86.15,86.36,8747293,755437399.9,32351,3056721,34.94,Negative,83.65714285714284,93.01916574364701,74.29511997063868
381,NCC,EQ,86.15,87.0,89.3,86.05,88.8,88.65,87.81,5553588,487680176.3,18750,628178,11.31,Positive,84.63214285714285,92.88819957493666,76.37608613934904
382,NCC,EQ,88.65,88.6,90.45,86.45,86.7,87.0,88.44,8228530,727768700.7,27654,1846896,22.45,Negative,85.24642857142855,92.75052635307026,77.74233078978685
383,NCC,EQ,87.0,87.45,88.2,83.25,86.5,86.8,86.18,10942736,943048367.95,27605,1405957,12.85,Slight or No change,85.7535714285714,92.5712480332272,78.9358948239156
384,NCC,EQ,86.8,86.4,88.6,86.2,88.2,88.05,87.94,6611149,581414287.0,21637,1760051,26.62,Positive,86.35714285714285,92.26331396394413,80.45097175034157
385,NCC,EQ,88.05,88.0,89.3,85.65,86.6,86.7,87.84,6097438,535579918.65,25782,1493501,24.49,Negative,86.75714285714285,91.82921679843074,81.68506891585497
386,NCC,EQ,86.7,86.9,89.25,85.75,88.45,87.65,87.65,9157836,802647453.35,22304,3965869,43.31,Positive,87.20357142857142,91.23869878061505,83.16844407652779
387,NCC,EQ,87.65,89.0,90.55,86.5,86.8,87.0,88.04,9667612,851173258.7,30542,2161110,22.35,Slight negative,87.44642857142857,90.91706679375709,83.97579034910005
388,NCC,EQ,87.0,87.3,88.1,86.15,87.5,87.3,87.26,5933037,517711514.35,21194,1112587,18.75,Slight or No change,87.76785714285714,89.99586319961938,85.5398510860949
389,NCC,EQ,87.3,88.5,88.9,86.5,87.0,87.05,87.52,6151166,538347741.35,21434,858734,13.96,Slight or No change,87.56785714285715,89.46951922673976,85.66619505897454
390,NCC,EQ,87.05,86.6,86.9,83.1,83.8,83.85,84.58,5689810,481247783.25,22431,1072825,18.86,Among top losers,87.3142857142857,90.0681441463214,84.56042728225
391,NCC,EQ,83.85,82.05,82.4,74.6,77.35,77.95,77.53,23232128,1801116234.5,74243,3688293,15.88,Bear drop,86.475,91.93207021986822,81.01792978013177
392,NCC,EQ,77.95,78.7,81.55,77.65,80.0,80.2,79.69,14933203,1190028339.75,45662,2670341,17.88,Positive,85.93571428571428,92.27150135617006,79.5999272152585
393,NCC,EQ,80.2,76.05,78.55,76.05,77.75,77.6,77.85,4364860,339799647.1,13085,404628,9.27,Among top losers,85.1392857142857,92.64612142699039,77.63245000158102
394,NCC,EQ,77.6,76.0,81.45,75.25,81.2,80.5,78.55,12335817,969011105.95,31781,2070294,16.78,Among top gainers,84.73571428571427,92.60712590492696,76.86430266650157
395,NCC,EQ,80.5,81.0,84.75,81.0,83.55,84.0,83.05,7085722,588475362.95,18614,1699515,23.99,Among top gainers,84.4035714285714,91.94917272343548,76.85797013370731
396,NCC,EQ,84.0,85.9,85.9,81.6,83.0,82.8,83.31,6693439,557611034.2,28946,1553410,23.21,Negative,84.1035714285714,91.53763691592656,76.66950594121624
397,NCC,EQ,82.8,82.4,84.35,80.45,82.4,82.35,82.4,7895033,650575838.35,26393,1805024,22.86,Slight negative,83.78571428571425,91.10275746442215,76.46867110700634
398,NCC,EQ,82.35,82.8,84.2,82.5,84.05,83.85,83.57,3958359,330788064.45,11310,718876,18.16,Positive,83.48571428571425,90.38191486411517,76.58951370731333
399,NCC,EQ,83.85,83.4,85.15,83.0,84.0,84.1,84.19,5009746,421750367.15,16239,713929,14.25,Slight or No change,83.29999999999995,89.95929079152637,76.64070920847354
400,NCC,EQ,84.1,84.45,89.65,83.7,88.6,88.45,87.19,15845157,1381472034.05,40719,2331366,14.71,Among top gainers,83.3571428571428,90.18872755254871,76.5255581617369
401,NCC,EQ,88.45,90.35,90.35,88.0,89.5,89.2,89.03,21509170,1914976139.85,63578,2988348,13.89,Slight positive,83.51428571428566,90.79338419728681,76.23518723128451
402,NCC,EQ,89.2,89.15,89.2,84.5,84.7,85.0,86.44,10802432,933805370.35,57975,2573678,23.82,Among top losers,83.34999999999995,90.35988313300697,76.34011686699293
403,NCC,EQ,85.0,84.55,85.4,81.1,83.05,83.0,83.04,10029283,832859070.1,27908,1491288,14.87,Negative,83.06071428571424,89.73928835869616,76.38214021273232
404,NCC,EQ,83.0,82.2,84.2,80.4,84.0,83.95,82.56,6654396,549396049.8,21925,767178,11.53,Positive,83.06785714285711,89.75028037247485,76.38543391323937
405,NCC,EQ,83.95,85.0,86.6,83.4,84.3,83.95,84.92,12438821,1056272280.1,35837,2196609,17.66,Slight or No change,83.49642857142854,89.5000767297358,77.49278041312128
406,NCC,EQ,83.95,84.45,87.0,84.35,86.9,86.55,86.07,8927673,768369817.75,28630,2510107,28.12,Among top gainers,83.94999999999996,89.83923398440167,78.06076601559825
407,NCC,EQ,86.55,87.6,89.5,87.3,88.3,88.15,88.51,11380623,1007320332.75,33509,1380568,12.13,Positive,84.70357142857141,89.72926912765688,79.67787372948594
408,NCC,EQ,88.15,88.45,89.25,87.2,89.05,88.9,88.4,6101362,539332444.6,15395,779438,12.77,Slight positive,85.30357142857142,90.17064514830925,80.43649770883358
409,NCC,EQ,88.9,89.2,91.4,88.6,89.35,89.6,89.99,20485313,1843377851.1,60759,3216844,15.7,Slight positive,85.70357142857141,91.00980350991267,80.39733934723014
410,NCC,EQ,89.6,89.3,91.15,88.25,88.9,88.9,89.93,11707149,1052840429.9,31924,2109286,18.02,Slight negative,86.1392857142857,91.42019160560052,80.85837982297089
411,NCC,EQ,88.9,88.75,90.95,87.55,88.5,88.65,89.48,11748451,1051211028.45,32594,1465475,12.47,Slight or No change,86.58928571428571,91.54278930287376,81.63578212569766
412,NCC,EQ,88.65,89.75,90.1,87.55,88.2,87.95,88.72,5679618,503876805.1,20259,1683523,29.64,Slight negative,86.88214285714287,91.61802993071034,82.1462557835754
413,NCC,EQ,87.95,88.25,90.1,87.85,88.9,88.75,89.02,6113424,544226192.5,18349,1398733,22.88,Slight positive,87.21428571428574,91.75799287091809,82.67057855765339
414,NCC,EQ,88.75,89.45,91.4,89.05,90.7,90.65,90.4,11684106,1056227588.25,32141,2400080,20.54,Positive,87.3714285714286,92.23980601171158,82.50305113114561
415,NCC,EQ,90.65,90.8,93.25,90.0,93.1,92.7,91.86,12740442,1170341697.85,36450,1798566,14.12,Positive,87.6214285714286,93.2017117577479,82.04114538510929
416,NCC,EQ,92.7,93.2,93.95,91.35,92.0,92.15,92.38,14082105,1300838383.85,44909,1925898,13.68,Slight negative,88.13214285714288,93.9812199891921,82.28306572509366
417,NCC,EQ,92.15,91.6,92.0,88.4,88.95,88.75,89.56,8964184,802855326.8,26287,1360758,15.18,Among top losers,88.54285714285717,93.59243551715734,83.493278768557
418,NCC,EQ,88.75,89.55,89.65,87.8,89.15,88.95,88.73,6397003,567637555.0,21871,1430466,22.36,Slight or No change,88.90000000000002,93.20223555482372,84.59776444517632
419,NCC,EQ,88.95,89.4,90.1,87.85,88.5,88.4,88.77,5883826,522309714.7,15357,1568644,26.66,Slight negative,89.21785714285717,92.47541808575016,85.96029619996418
420,NCC,EQ,88.4,88.6,90.4,88.0,89.7,89.7,89.21,7752038,691521425.05,23763,1907134,24.6,Positive,89.44285714285718,92.31951576617757,86.56619851953678
421,NCC,EQ,89.7,89.8,89.85,87.45,87.55,87.95,88.48,6623450,586039476.2,23131,2245459,33.9,Negative,89.42857142857146,92.33472254055324,86.52242031658967
422,NCC,EQ,87.95,88.0,88.55,85.4,85.9,86.0,87.0,4679051,407076774.0,15145,732005,15.64,Negative,89.2214285714286,92.65535753572398,85.78749960713323
423,NCC,EQ,86.0,85.85,86.85,84.3,85.95,86.15,85.39,5870581,501307560.7,16857,1014313,17.28,Slight or No change,88.97500000000004,92.76826325922744,85.18173674077264
424,NCC,EQ,86.15,85.8,87.2,85.0,85.2,85.35,86.05,2983061,256678670.8,11250,486402,16.31,Slight negative,88.7214285714286,92.98211004196413,84.46074710089307
425,NCC,EQ,85.35,85.5,85.85,83.55,83.8,83.85,84.47,4326899,365493228.2,16331,859319,19.86,Negative,88.37857142857145,93.37329391808082,83.38384893906208
426,NCC,EQ,83.85,84.3,85.75,80.65,81.7,81.7,83.62,6704875,560635142.4,21970,1718126,25.63,Negative,87.93214285714286,94.07675990633936,81.78752580794637
427,NCC,EQ,81.7,81.75,82.2,78.9,79.25,79.4,80.32,5883868,472601736.0,19480,976640,16.6,Negative,87.26428571428573,94.88191996963751,79.64665145893396
428,NCC,EQ,79.4,78.4,82.2,78.1,81.45,81.25,80.44,7723855,621323434.75,27614,1577930,20.43,Positive,86.59285714285716,94.57339666026873,78.61231762544558
429,NCC,EQ,81.25,81.65,81.8,79.7,80.4,80.35,80.65,5241571,422712608.9,22184,1032869,19.71,Negative,85.71071428571429,93.51152080924366,77.90990776218491
430,NCC,EQ,80.35,80.8,80.8,79.05,79.6,79.55,79.91,5998560,479352254.8,17021,2108965,35.16,Slight negative,84.81071428571428,92.31293739945245,77.30849117197612
431,NCC,EQ,79.55,80.0,82.35,78.25,79.2,79.3,80.44,15029574,1208973770.0,61608,3786871,25.2,Slight or No change,84.13571428571427,91.8096891429734,76.46173942845515
432,NCC,EQ,79.3,79.7,80.0,77.1,79.45,79.25,78.79,7534840,593641943.15,30660,1560158,20.71,Slight or No change,83.44285714285714,90.99502006715367,75.8906942185606
433,NCC,EQ,79.25,79.7,80.15,77.1,77.9,78.05,78.82,5360338,422478628.7,18215,1139645,21.26,Negative,82.70357142857141,90.19145541494304,75.21568744219978
434,NCC,EQ,78.05,78.55,80.15,76.85,80.0,79.85,78.83,6015118,474172257.0,21413,1177752,19.58,Positive,81.99999999999997,88.43272881442651,75.56727118557343
435,NCC,EQ,79.85,79.7,81.6,78.7,80.55,80.45,80.29,8593946,690035989.7,29297,1983846,23.08,Slight positive,81.46428571428568,86.94058830908841,75.98798311948295
436,NCC,EQ,80.45,79.5,80.75,78.2,78.3,78.65,79.36,6078381,482365938.4,23132,1251848,20.6,Negative,80.93928571428569,85.9302280596207,75.94834336895067
437,NCC,EQ,78.65,79.0,79.65,77.0,79.05,78.75,78.5,5638912,442656371.2,20475,1201082,21.3,Slight or No change,80.41071428571425,84.512717280762,76.3087112906665
438,NCC,EQ,78.75,79.1,84.65,78.55,83.6,83.55,81.98,24202434,1984077733.55,73192,3565587,14.73,Among top gainers,80.28214285714283,83.78655922308542,76.77772649120024
439,NCC,EQ,83.55,85.0,86.0,82.1,82.8,82.85,83.89,15796163,1325091568.5,46916,2927423,18.53,Slight negative,80.21071428571426,83.43112481171805,76.99030375971047
440,NCC,EQ,82.85,82.6,87.25,81.45,86.9,86.65,84.51,13480135,1139266471.0,32990,2355973,17.48,Among top gainers,80.56428571428569,85.24492153095676,75.88364989761462
441,NCC,EQ,86.65,86.4,86.65,83.1,84.05,84.2,84.46,8243816,696237650.45,24905,1779250,21.58,Negative,80.90714285714283,85.91234893801908,75.90193677626658
442,NCC,EQ,84.2,84.8,84.8,81.35,81.9,82.05,83.1,6132763,509632683.0,18724,774815,12.63,Negative,80.96428571428568,86.00449764075157,75.9240737878198
443,NCC,EQ,82.05,82.2,83.8,80.85,82.4,82.25,82.34,8198706,675076496.9,20989,702699,8.57,Slight or No change,81.09999999999998,86.17118556916188,76.02881443083808
444,NCC,EQ,82.25,82.75,84.65,82.75,84.3,84.35,84.01,7805202,655715257.8,26431,1027704,13.17,Positive,81.44285714285711,86.70796100520131,76.1777532805129
445,NCC,EQ,84.35,84.35,85.4,83.6,84.85,84.75,84.58,6136304,518995000.65,26928,1366473,22.27,Slight or No change,81.83214285714283,87.21925099285791,76.44503472142775
446,NCC,EQ,84.75,84.9,85.4,84.1,84.6,84.8,84.86,4081690,346362883.4,15509,963335,23.6,Slight or No change,82.2285714285714,87.61398110310789,76.84316175403491
447,NCC,EQ,84.8,85.3,85.65,82.25,83.3,83.6,83.59,9158305,765507706.65,26868,1551585,16.94,Negative,82.62499999999997,87.47597135395345,77.77402864604649
448,NCC,EQ,83.6,81.9,83.05,80.3,82.3,82.4,81.84,8153279,667277593.65,21275,971289,11.91,Negative,82.80714285714284,87.39355374531227,78.2207319689734
449,NCC,EQ,82.4,82.95,86.6,82.55,83.6,84.05,84.56,13911548,1176318264.35,29492,2338012,16.81,Positive,83.06428571428569,87.48198239423084,78.64658903434054
450,NCC,EQ,84.05,84.1,86.0,83.45,85.75,85.6,84.97,8539100,725539906.35,21949,1893526,22.17,Positive,83.56071428571424,87.36034555758164,79.76108301384684
451,NCC,EQ,85.6,85.7,90.3,85.5,89.45,89.4,88.52,14565574,1289364831.85,47573,2858880,19.63,Among top gainers,84.32142857142854,88.23485993723791,80.40799720561917
452,NCC,EQ,89.4,89.45,99.0,88.4,98.55,98.15,95.31,24010051,2288304980.25,95299,5317898,22.15,Bull run,85.36428571428569,93.68815579897404,77.04041562959733
453,NCC,EQ,98.15,98.8,100.6,96.9,98.0,98.85,98.83,13894289,1373191302.8,48738,2864257,20.61,Slight positive,86.50714285714284,97.35489038248578,75.6593953317999
454,NCC,EQ,98.85,98.5,98.8,96.45,96.55,96.75,97.39,7157962,697132911.7,22665,1947297,27.2,Negative,87.2285714285714,99.3820586954924,75.0750841616504
455,NCC,EQ,96.75,96.55,101.15,95.9,100.0,99.9,99.31,16120882,1600916877.75,64743,2525035,15.66,Among top gainers,88.34999999999998,102.09308217585364,74.60691782414632
456,NCC,EQ,99.9,100.5,103.2,100.35,102.9,102.65,102.0,14107394,1438941224.95,48913,3638746,25.79,Positive,89.82142857142856,104.99553172757479,74.64732541528232
457,NCC,EQ,102.65,103.7,105.05,101.65,102.15,103.2,103.4,13155751,1360285856.95,39701,2937459,22.33,Slight positive,91.31785714285714,107.38150971834244,75.25420456737183
458,NCC,EQ,103.2,102.6,108.65,100.4,106.5,106.9,105.15,18153008,1908823900.15,50251,5009075,27.59,Among top gainers,92.92857142857143,110.43956640472594,75.41757645241692
459,NCC,EQ,106.9,106.8,107.8,104.8,106.0,106.2,106.14,8509798,903231330.7,37460,1120368,13.17,Slight negative,94.46071428571429,112.63034992709753,76.29107864433105
460,NCC,EQ,106.2,106.4,109.15,105.55,106.0,106.2,107.24,10448157,1120487698.8,41866,2528418,24.2,Slight or No change,95.98928571428573,114.25830861651463,77.72026281205683
461,NCC,EQ,106.2,106.75,107.25,103.35,105.15,105.15,104.98,6837467,717810289.7,21974,1167074,17.07,Slight negative,97.52857142857145,114.91082207003343,80.14632078710947
462,NCC,EQ,105.15,105.45,110.55,105.15,108.75,109.05,108.95,12978871,1414072275.75,47383,3222757,24.83,Among top gainers,99.43214285714286,115.4619519707833,83.40233374350242
463,NCC,EQ,109.05,108.9,110.6,107.35,110.0,109.5,109.08,9673277,1055199562.05,33873,3224010,33.33,Slight or No change,101.25000000000001,115.43113589895349,87.06886410104654
464,NCC,EQ,109.5,109.5,112.95,109.15,110.2,110.05,111.24,11399374,1268010998.55,44125,3222179,28.27,Slight positive,102.9964285714286,114.67688327054006,91.31597387231713
465,NCC,EQ,110.05,108.5,111.0,107.85,109.1,109.2,109.6,7416700,812885267.65,35104,1586545,21.39,Slight negative,104.4107142857143,113.5089117886361,95.31251678279251
466,NCC,EQ,109.2,109.95,112.3,109.05,111.95,111.8,110.66,6403342,708605689.4,25910,1134211,17.71,Positive,105.38571428571429,114.51928958798084,96.25213898344774
467,NCC,EQ,111.8,111.95,114.2,111.15,112.55,112.4,113.0,8583110,969905130.9,29922,2143685,24.98,Slight positive,106.35357142857144,115.37478269686736,97.33236016027553
468,NCC,EQ,112.4,112.75,114.0,110.75,111.7,111.4,112.58,6716962,756208063.8,30896,1589150,23.66,Slight negative,107.40000000000002,114.89153368296871,99.90846631703133
469,NCC,EQ,111.4,112.7,113.75,112.0,112.9,112.85,112.97,4635297,523663077.2,20184,956215,20.63,Positive,108.32500000000002,114.97848376069447,101.67151623930556
470,NCC,EQ,112.85,112.9,115.9,112.55,114.0,114.25,114.3,9149823,1045808042.0,23938,1207972,13.2,Positive,109.15357142857144,115.65001593374276,102.65712692340011
471,NCC,EQ,114.25,114.5,114.65,109.45,110.55,110.65,112.18,7288713,817639542.9,42815,1756881,24.1,Among top losers,109.6857142857143,115.23249832574986,104.13893024567874
472,NCC,EQ,110.65,111.0,112.6,108.25,110.4,110.5,110.51,7994397,883496934.55,28490,1356300,16.97,Slight or No change,109.94285714285715,115.2624663163042,104.6232479694101
473,NCC,EQ,110.5,110.75,111.0,103.8,104.0,104.35,106.92,10441208,1116408708.15,47801,3342631,32.01,Among top losers,109.81071428571428,115.60184524625886,104.0195833251697
474,NCC,EQ,104.35,104.55,107.3,103.3,105.2,105.1,105.39,10603896,1117567815.4,33288,2894297,27.29,Slight positive,109.73214285714285,115.75933854934233,103.70494716494336
475,NCC,EQ,105.1,105.55,109.1,103.8,105.6,105.0,106.85,10897109,1164329370.25,45750,1372529,12.6,Slight or No change,109.72142857142855,115.78414112576127,103.65871601709583
476,NCC,EQ,105.0,105.65,105.65,101.2,103.55,103.9,103.41,13847274,1431935877.75,55328,4475846,32.32,Negative,109.35357142857141,116.16989395228113,102.5372489048617
477,NCC,EQ,103.9,103.9,105.95,102.0,102.6,102.7,103.82,8204330,851751600.35,33296,1150079,14.02,Negative,108.86785714285713,116.55296833697223,101.18274594874204
478,NCC,EQ,102.7,102.85,105.7,102.2,105.25,105.15,104.23,7342165,765256720.9,28177,920155,12.53,Positive,108.51785714285714,116.41445886013383,100.62125542558044
479,NCC,EQ,105.15,105.8,108.3,105.5,107.45,107.4,106.6,8579627,914609870.65,43305,1812541,21.13,Positive,108.38928571428572,116.2966511776627,100.48192025090874
480,NCC,EQ,107.4,108.0,108.0,104.65,105.0,105.15,105.95,5591253,592405038.9,24277,1224525,21.9,Negative,107.91428571428573,115.73756739550583,100.09100403306562
481,NCC,EQ,105.15,105.65,106.75,104.85,105.75,105.85,105.87,4776223,505650359.15,18497,984891,20.62,Slight positive,107.44642857142857,114.88825054495707,100.00460659790006
482,NCC,EQ,105.85,106.0,106.35,103.1,103.25,103.9,104.15,4591479,478210459.85,22973,721621,15.72,Negative,106.91071428571429,114.20488251176083,99.61654605966775
483,NCC,EQ,103.9,102.9,103.35,99.5,99.85,100.15,101.27,5332415,540002557.15,19765,906389,17.0,Among top losers,106.00357142857145,113.27474362120455,98.73239923593835
484,NCC,EQ,100.15,100.2,102.85,100.2,101.9,101.5,101.72,7369280,749571100.45,40468,1842028,25.0,Positive,105.09285714285716,110.97619177328582,99.20952251242849
485,NCC,EQ,101.5,102.0,102.4,99.6,102.0,101.6,101.27,5427334,549634539.85,25973,1093759,20.15,Slight or No change,104.44642857142857,109.64886354654392,99.24399359631322
486,NCC,EQ,101.6,101.95,105.5,101.6,103.0,102.6,103.71,8684891,900697464.4,30490,1283691,14.78,Slight positive,103.88214285714285,107.8149647336154,99.94932098067031
487,NCC,EQ,102.6,103.2,103.8,101.85,103.15,103.2,102.93,6937282,714048855.7,25609,1613560,23.26,Slight positive,103.8,107.73876200776579,99.86123799223421
488,NCC,EQ,103.2,103.45,103.45,98.15,99.15,99.2,99.95,6504482,650154076.8,22487,1647004,25.32,Among top losers,103.37857142857145,107.9326421833504,98.8245006737925
489,NCC,EQ,99.2,100.0,101.55,97.25,97.65,97.55,99.32,6745146,669953435.1,21976,1326827,19.67,Negative,102.84642857142858,108.24677959786779,97.44607754498936
490,NCC,EQ,97.55,97.75,98.9,96.35,96.9,96.75,97.3,4528873,440655798.1,15412,657322,14.51,Slight negative,102.33571428571429,108.59147207310318,96.0799564983254
491,NCC,EQ,96.75,95.95,97.4,93.15,93.45,93.7,95.22,5326102,507164976.0,15993,668313,12.55,Among top losers,101.69285714285715,109.45557446475871,93.93013982095559
492,NCC,EQ,93.7,94.5,95.25,91.85,92.55,92.65,93.65,4876430,456679047.45,23543,891834,18.29,Negative,100.8,109.64925029418878,91.95074970581122
493,NCC,EQ,92.65,92.3,94.6,91.1,93.55,93.6,93.46,5454026,509750459.55,17813,774545,14.2,Positive,99.8142857142857,108.57050799169488,91.05806343687652
494,NCC,EQ,93.6,93.45,93.8,90.85,91.4,91.45,92.13,3484602,321041853.3,14649,557569,16.0,Negative,98.83571428571427,108.07221616862071,89.59921240280784
495,NCC,EQ,91.45,91.65,96.85,91.65,95.95,95.9,94.2,7923082,746386752.85,24007,1094615,13.82,Among top gainers,98.125,106.53037831482622,89.71962168517378
496,NCC,EQ,95.9,95.95,95.95,89.15,90.05,90.1,92.29,6912840,637954591.7,21630,1891469,27.36,Among top losers,97.1392857142857,105.85815813356685,88.42041329500456
